x1,x2,y
2.6952983,-11.50076039,1
-6.30290001,2.98379433,1
8.67974595,14.6390917,1
17.25977542,11.2271554,1
0.22284991,4.53661491,1
3.65286125,-24.87476226,1
-13.12931222,0.02694959,1
7.337559651,-7.596053225,1
0.38717158,15.14478358,1
-10.55993324,5.26472978,1
17.18664682,26.98861366,1
-11.89525939,-0.96550045,1
6.403917435,-3.52426771,1
-3.83418629,8.57393313,1
-6.1659173,16.87305275,1
0.35236013,-0.98004908,1
16.85829803,15.08554036,1
-11.18844717,1.72630014,1
-3.16522537,18.41805181,1
21.77259271,4.60517487,1
4.8553922,6.38412168,1
-14.41326009,-8.500054838,1
19.75116907,-5.881344719,1
-12.31385608,7.67017617,1
1.43534701,-1.77700298,1
-12.20338887,7.01728872,1
-0.92578297,26.29990414,1
22.95678057,-14.72026842,1
13.30736113,10.44160373,1
-6.27319657,9.38679384,1
-7.42875733,-8.053707618,1
4.16462603,21.03602872,1
-12.60055232,0.87228236,1
-11.44198666,5.83474331,1
10.47478635,-7.004442961,1
-2.55756788,-11.00229782,1
5.298108817,21.92236282,1
15.10965079,24.1619175,1
-3.04926848,18.76863729,1
-17.24769621,9.68353276,1
-10.07809338,4.00483964,1
-5.60761886,1.90786281,1
-5.55947009,11.12950235,1
-3.10824163,0.51251176,1
0.99364328,1.99624046,1
-8.984186,4.58488118,1
-4.32944953,13.9203929,1
16.59144244,20.28130166,1
-1.57736746,-9.37490856,1
0.09436548,18.93549097,1
-2.39473495,1.92275008,1
2.69442408,6.6817613,1
-7.95862784,28.56096001,1
10.57150862,13.80498388,1
-13.58540819,0.85536351,1
8.642200077,8.02163754,1
-17.56675796,5.63338393,1
-18.08782251,10.67447194,1
-3.56573593,-5.338452463,1
-1.3879082,20.95534715,1
-0.43457569,5.86999068,1
2.88511606,23.25823325,1
-13.32524269,25.5034011,1
-18.90863753,-0.43299421,1
-6.26841932,1.089715,1
-0.91693925,16.38602562,1
-5.28979475,21.39827632,1
-12.22306407,12.51249138,1
-11.28925909,9.4618815,1
2.24093586,8.98266694,1
-7.26393855,13.59175996,1
-7.92737141,15.43072452,1
-3.74952993,8.37034147,1
-9.61598777,-5.267443292,1
-6.81456667,24.35651628,1
-10.60671521,6.71502474,1
-5.89580196,-1.83107333,1
7.207561746,24.21704661,1
4.2140371,14.02846285,1
8.377430686,13.75659208,1
21.86315328,-7.328315188,1
-4.81453411,16.36420568,1
17.88128866,17.342682,1
-4.61607892,19.30808708,1
-20.03821825,28.94090688,1
-18.45010872,15.35456848,1
10.06038719,11.68578436,1
-7.37472196,10.91103464,1
-8.17554177,15.78456859,1
-12.26638666,3.3847863,1
-24.61074853,12.74688176,1
-0.94509707,-0.30304663,1
6.555168076,19.08538711,1
3.8308114,-2.30370217,1
-4.48110324,17.71576536,1
-22.36696018,14.63515492,1
4.29394679,8.76033686,1
-12.77418332,-13.29271583,1
-11.72246402,-1.05747847,1
-16.52721122,6.93742597,1
-15.36171531,9.57677897,1
-5.10045418,2.8797533,1
-5.46222143,7.44657231,1
-16.11617071,7.97238833,1
-7.01524509,-3.23995289,1
-8.61075515,24.20741511,1
-7.88962409,8.7091588,1
-1.1910201,8.75900083,1
-10.37341075,5.7953364,1
-15.89172343,17.01444895,1
-13.20406321,19.962379,1
-15.4021627,14.3080901,1
-23.10429077,13.89652395,1
4.03122158,4.41275245,1
-11.44205162,-3.50834845,1
-1.16081572,20.27513679,1
-6.85031561,-3.63361653,1
-1.48605978,6.27178419,1
-17.77506462,10.31325721,1
0.78192024,14.9702362,1
-11.14552448,13.9182383,1
-5.77493849,-8.997976299,1
-9.83833794,8.09480316,1
-11.97893546,28.59113996,1
-15.35727355,4.02350955,1
-9.59933577,-7.64335205,1
-31.98353206,15.39249334,1
0.75428223,34.47462287,1
-10.68764753,3.68635804,1
-24.70759496,-4.88250767,1
-6.61690534,2.01350527,1
0.89524299,12.44926139,1
-18.01063634,1.96486473,1
-3.67223022,0.87472828,1
2.73995453,23.87858961,1
-1.91544552,-7.866101639,1
4.91300098,20.30323347,1
1.51347781,15.12978308,1
-8.99059295,-4.39702233,1
-23.76656872,4.4354444,1
-18.8309892,12.612807,1
-3.06116024,23.71728155,1
-1.10224907,13.29423592,1
4.19038962,19.0737543,1
-1.92354861,2.03885043,1
-22.95232676,4.14625435,1
-8.16458786,3.25661879,1
-27.23067607,4.90604835,1
0.44432069,7.53091707,1
-7.1652695,5.91284116,1
-4.12194933,-0.62430871,1
-14.84799131,19.14531193,1
-26.62522353,2.26861482,1
0.80719602,14.39568643,1
-21.0027273,4.32296539,1
-12.2290225,20.82013669,1
-21.2749404,-5.712676509,1
-11.75674394,8.7525253,1
-26.88604747,-6.563403332,1
-24.0812096,2.36736282,1
-1.381995,5.8059808,1
-5.02769606,4.99509544,1
-5.46844772,-1.43661938,1
-5.09169939,-4.31225249,1
7.53927771,1.50908069,1
-0.80321263,17.01146021,1
-6.9685329,5.15599216,1
-18.62970512,1.95184641,1
-17.08300084,0.4644737,1
-11.70073272,3.39492343,1
0.40172949,-1.77062684,1
-29.03073898,6.95390308,1
-1.98946112,-4.66084831,1
-10.92111885,1.83801075,1
-7.9248223,14.85293208,1
-1.14889146,-1.96261687,1
-27.02446962,-0.09275554,1
-8.63915472,19.60682374,1
1.79078264,14.1141355,1
-6.15709126,11.8413354,1
-9.64185783,-1.13002373,1
-0.65359853,2.51783677,1
-11.18677915,0.45104293,1
-21.26465757,16.23434431,1
-5.80569323,-5.16260929,1
-9.45792102,-6.698859028,1
-10.84083391,4.09622929,1
-8.90531897,2.24504609,1
-20.03475,9.78937853,1
-12.76070284,-0.49963515,1
1.39146518,1.35380379,1
-10.29958542,-4.26562794,1
3.49646756,-7.351934349,1
-5.83462785,14.77346967,1
-16.80514972,5.8118692,1
-32.43128571,1.30062211,1
-1.90584762,-0.00279219,1
-14.27002601,6.18461457,1
-15.33809217,31.48793547,1
-3.46735437,6.6431791,1
4.55323577,-0.61532731,1
-17.22037317,-24.42838913,1
-10.15595341,-1.55069309,1
-14.37231406,0.34077301,1
-18.73670418,3.68446698,1
-15.97025758,13.61611415,1
-4.27570244,10.44762518,1
5.368870647,14.91229699,1
-33.93993917,6.59026377,1
-23.8246469,-1.42528654,1
-13.28388353,3.65474362,1
-4.0730092,9.43227746,1
-12.11871965,-3.10496823,1
4.29517675,7.52651222,1
-6.56446683,-8.056608365,1
-18.58278897,-7.81365288,1
-19.03212168,-4.09987759,1
-3.43008006,15.02846586,1
-5.56204231,3.74490434,1
-7.37319385,-1.66267814,1
-12.99055985,17.80490511,1
-8.67387103,-2.50284783,1
-15.69068568,-10.09337532,1
5.8912025,3.56289054,1
-21.76613799,1.76501467,1
-13.07967239,-0.98139223,1
-13.33672161,-4.13249309,1
11.93312618,8.79278944,1
-19.18526125,-2.28182847,1
-0.95723589,5.36252095,1
-7.6302751,-2.34542301,1
-12.63144372,7.51496914,1
-3.14407202,14.33880951,1
-6.87597278,-6.939476468,1
-7.51005528,2.76218098,1
-13.71289789,2.20031973,1
1.26358376,-14.61674814,1
-7.25559326,-16.78496483,1
-8.65106967,-1.23632812,1
3.94972326,24.46505148,1
-37.73609685,12.51545807,1
-5.50457057,3.7413986,1
-9.43256793,-7.786005801,1
4.45726331,-12.39806451,1
-11.62224039,3.98801199,1
-9.57274074,23.6230444,1
-10.64414513,-7.939406719,1
-3.08434097,-12.04671006,1
-21.5813532,8.84642599,1
-13.42307621,17.0584926,1
-12.26534087,6.4642748,1
-23.40210481,-3.1332989,1
-1.3391326,-4.20198231,1
-8.55451326,0.25449308,1
10.04475337,-10.89264732,1
-10.50439105,-2.84802062,1
11.1099495,-3.61276376,1
14.64210511,19.45077022,1
-30.60330395,4.31510083,1
-7.48827265,11.11961523,1
-8.17391535,-10.91940435,1
6.399203301,-6.566697862,1
-3.78061225,-0.14806162,1
4.13553405,2.94237602,1
5.73194669,-5.181786975,1
-21.60263786,-7.994489065,1
-13.00104938,-18.00933473,1
-7.4499613,-8.668800575,1
-2.91975096,-9.390149221,1
-4.3585002,14.25868759,1
-20.45479878,-8.114295215,1
9.794451049,1.26181045,1
-4.77466758,5.0956033,1
-15.15439018,-1.3962717,1
9.620299854,-15.93644319,1
-10.83179745,6.98107502,1
12.55520954,10.72541823,1
3.32588806,-5.260583137,1
-6.48340942,-1.11987825,1
-19.49475417,-0.34377381,1
3.43565751,4.20883202,1
-16.08959151,3.09814238,1
7.103124428,-8.320359723,1
1.12731033,-49.04492308,1
8.02146647,-17.23926276,1
-14.54967253,3.97291242,1
-10.38781586,4.54267651,1
-8.03165335,-9.166681529,1
-9.26100308,-3.55709389,1
3.85904842,1.33899843,1
-4.78891368,-7.8590849,1
-13.21732142,-24.8626815,1
-7.43890725,-4.30387389,1
-11.99661252,0.02485893,1
-3.55931287,9.87821277,1
-8.64210541,-1.17685496,1
-2.89657453,7.87999907,1
2.43390137,-9.567298472,1
-6.69959886,16.91495425,1
-10.18942785,21.45658475,1
1.73690834,-8.570810622,1
-2.75083507,19.52150409,1
-15.1079755,17.45694541,1
5.005078602,8.63581673,1
-10.54697774,-7.985052365,1
-7.76445731,3.05079026,1
-6.71701469,11.35026062,1
-12.53669251,-27.92047885,1
-0.85357482,-3.02529417,1
-9.63331291,-8.605060317,1
-19.61489846,8.91796539,1
-15.69557541,-6.469217178,1
6.411100076,-7.254540635,1
1.6416482,9.26196847,1
-13.0762725,0.57829361,1
2.81117304,8.12029742,1
-7.16013873,-6.119188839,1
6.367622442,5.25358447,1
-6.35011287,-0.08085132,1
-3.8531574,-20.00561253,1
-6.97514084,4.67438689,1
10.83748921,7.01397236,1
-7.65602816,9.81689933,1
-0.78812542,2.70823479,1
-1.9762559,10.55183181,1
-7.24662628,-17.340958,1
14.55734942,11.32720171,1
12.38806572,4.6986445,1
2.72454573,-0.46102689,1
7.499305341,-6.205633424,1
10.32638535,10.40020496,1
10.60226885,-3.60954487,1
-15.87693541,-10.20958163,1
4.26762313,15.47204677,1
9.996453564,20.09718015,1
9.879928011,-7.38650971,1
13.16931019,4.48118597,1
10.41454897,-4.49519204,1
-6.76900653,8.19489461,1
10.27963584,8.10310395,1
12.90374389,7.35639841,1
-0.38189795,-8.92497312,1
-5.55650399,10.07801556,1
-6.34911115,5.04344569,1
6.845467207,14.57824604,1
-7.05542896,4.11582562,1
-10.36953319,17.87645651,1
0.26439498,22.1067479,1
1.13328565,1.82159214,1
-7.59147232,11.59921588,1
-1.08166027,-2.1671285,1
-4.50659529,-8.237095696,1
3.7760501,2.71563196,1
2.25229096,-8.636045236,1
7.278299143,8.08059034,1
20.59289853,6.6326931,1
-14.15583657,10.65868515,1
-6.83799962,2.7692077,1
5.638571902,5.20807987,1
-2.0179343,10.23904251,1
18.68940477,-5.014248756,2
17.0343933,10.70234181,2
37.7188607,-3.89973846,2
17.19881693,21.87349405,2
33.62341872,-2.92357026,2
21.75664796,19.70849326,2
6.28037364,6.99248721,2
27.90063736,5.35118427,2
37.33170753,17.68649947,2
18.70797408,-13.69284422,2
5.24142609,-7.668743541,2
42.07309383,-1.08222968,2
28.45022219,13.916065,2
11.05635588,23.8787931,2
19.26657606,-5.808088446,2
26.45003186,1.29533744,2
25.92957384,-2.12990359,2
47.88051239,4.62667351,2
30.0578417,8.17431109,2
13.66380409,4.03153317,2
23.74787139,12.1676682,2
24.0299045,16.02677411,2
29.37897761,16.67534506,2
14.67326644,12.47359732,2
28.84907512,4.08214365,2
37.82564284,1.74010895,2
31.6414155,7.2216852,2
22.80275082,-0.48361478,2
46.4246659,18.74390045,2
32.31766979,-3.1891969,2
26.75975241,6.36771591,2
19.16495711,8.43077055,2
16.81058536,0.98034336,2
18.69969976,19.92067197,2
33.47274923,4.90858633,2
27.24847361,11.49139622,2
23.1136858,1.80213034,2
38.08146482,18.09401601,2
22.39844115,10.53244257,2
28.03754437,23.56451118,2
29.13655643,15.52838339,2
15.51316144,16.78415379,2
32.03109374,12.94277856,2
21.22252099,13.0200031,2
31.20602204,8.49230082,2
7.386876024,8.88805543,2
17.36628675,30.50518738,2
18.18199402,6.20964904,2
24.57482103,17.05604815,2
12.66559999,36.07335815,2
25.95532912,9.63308865,2
29.54677009,4.89248422,2
20.61552484,14.4114612,2
5.292566816,12.83432194,2
13.73585585,10.27659255,2
33.68651168,12.78591904,2
34.96448663,19.77669931,2
11.24747228,14.83441477,2
22.29340549,-7.549636659,2
28.88654281,3.68988167,2
9.777787164,5.70049189,2
18.70898617,-7.648941296,2
15.28281585,15.01903756,2
23.21587059,-6.801639441,2
10.80544215,2.40836787,2
6.06974924,21.10391211,2
19.46986665,21.76597333,2
6.203785207,-7.660994664,2
19.2486545,2.47754152,2
6.123604595,23.67886496,2
6.786238868,8.17758856,2
17.01367494,11.88623383,2
34.71771334,-6.763411884,2
13.00822252,9.07554957,2
11.24053726,10.46231781,2
15.70494586,15.76412101,2
53.50230065,11.79456701,2
11.2653566,12.79885666,2
28.25640623,32.68028383,2
17.56022683,0.10077442,2
33.82426781,4.50553113,2
22.78291901,-0.04315048,2
26.57099589,2.44058028,2
19.34686756,16.33872734,2
36.91122178,12.93018596,2
17.16312854,12.28261718,2
31.42532683,25.26751249,2
10.81955215,10.52724571,2
24.39453132,18.84296846,2
1.036218066,19.01659204,2
12.63241484,17.09899622,2
41.84507745,10.38833849,2
17.33048388,8.71814841,2
42.71135545,19.53205067,2
26.79090067,9.94834378,2
18.66990209,9.9965836,2
7.863514881,13.69758036,2
29.15362604,28.39061979,2
13.03801634,18.36738375,2
24.11071849,17.52846256,2
36.68115323,12.80719798,2
11.47947165,2.27654265,2
16.57078292,10.52586298,2
27.15048601,7.07317114,2
30.13307161,4.46160824,2
13.81187639,10.1651216,2
26.3561947,2.45062133,2
34.30083358,6.01338987,2
16.04983337,13.04358801,2
3.488075138,20.09188493,2
10.20862884,6.68690151,2
17.94597148,6.59434567,2
3.374062672,3.38140102,2
28.67523155,-16.98330273,2
13.67242205,7.51220043,2
15.18413464,8.95595398,2
8.693364822,-5.411086242,2
18.78533746,6.56474154,2
31.19653106,17.83323657,2
15.32049841,-3.1265261,2
11.18495393,-7.292095939,2
21.44066599,2.16769227,2
22.18912669,13.20009574,2
15.53325644,1.20306403,2
27.41616666,19.19714989,2
19.33692254,6.60048319,2
14.09269035,9.1504508,2
7.999254014,21.22148894,2
41.45980997,-3.84530221,2
11.94226332,-0.51782507,2
30.77451016,3.23373033,2
2.21127828,5.9628579,2
15.32970495,2.21835006,2
13.42404593,4.56965362,2
4.48964431,4.73666717,2
17.66552052,9.5868069,2
18.31399711,-5.60454867,2
15.94914293,18.55820594,2
39.73774695,5.64924804,2
15.63691818,0.29111998,2
25.57244285,1.51148502,2
11.11563054,11.41583683,2
22.35201033,-6.422193033,2
17.72395498,13.22427884,2
21.892509,12.81737486,2
10.02721952,4.96037749,2
12.4676749,6.45092208,2
20.82396665,-6.227563541,2
11.17647818,13.53968474,2
34.61716262,-7.276210073,2
8.603501848,11.8316519,2
25.19565893,6.62173648,2
27.77981257,2.5557176,2
2.158331445,8.55218882,2
5.315605323,5.88392879,2
16.61400959,15.97950446,2
3.437782348,2.28803092,2
27.92989882,-1.03217546,2
8.479590716,9.4305065,2
13.67454475,13.57779242,2
9.461627581,-13.07887787,2
22.75804096,-0.54899463,2
19.70371671,-14.51699329,2
4.272816047,9.12579724,2
2.878728136,-2.25466194,2
3.795753253,16.88547766,2
20.18942905,25.49915791,2
23.20050268,2.07151271,2
17.39217182,16.94899423,2
5.39363067,6.00670968,2
16.43469119,19.44520527,2
24.26546031,-1.97533517,2
-0.532525565,13.22987494,2
4.709618021,0.11233313,2
4.447625282,5.12861758,2
23.68690023,10.93267899,2
-3.895148348,-4.07855925,2
10.67937102,1.51303987,2
16.90180471,17.82614477,2
33.73182083,-0.36693642,2
30.76667317,4.38529418,2
-1.327266345,14.74721456,2
-11.23771128,12.60495736,2
26.89592555,12.90172602,2
6.305680097,-22.58858868,2
0.5425263,-18.82383507,2
9.023034369,5.6869001,2
15.69100062,8.03257523,2
15.39294751,-11.53428969,2
36.52136398,-7.698009911,2
18.35340633,2.66384022,2
10.92722288,-15.55258642,2
27.33816364,4.40886978,2
11.81840791,7.42692148,2
3.936575684,21.91730445,2
18.39462473,11.98115734,2
17.33699898,-3.47952172,2
8.97694017,15.18765293,2
22.48050299,-12.42780007,2
17.69407125,-14.62903122,2
26.50188786,7.3907818,2
4.757573247,18.34302405,2
20.53538278,0.62701791,2
26.59052443,14.24493687,2
17.99663815,4.32502204,2
14.98917062,14.06276458,2
17.52091614,-1.07901653,2
13.9639808,1.83647228,2
16.65410773,25.22979645,2
12.90578815,3.36049105,2
16.38331071,6.64561475,2
15.63082916,-0.08152992,2
14.1415021,-0.58042261,2
-1.907028702,-10.6020562,2
-2.816389326,-14.24126006,2
27.58494681,8.67057643,2
22.360896,9.22860477,2
18.11563703,11.60792503,2
15.81338877,3.95534085,2
10.24990366,3.03946745,2
9.440446564,14.83991747,2
17.07786063,8.35399695,2
12.64438343,11.35775638,2
15.04495096,24.99744467,2
34.27323991,12.79221617,2
31.35338958,-9.966137833,2
2.521702221,14.06339912,2
9.017876574,10.78151725,2
7.938938068,10.61406101,2
16.86371933,-3.86890321,2
22.45946918,2.49960185,2
19.25704172,2.55552923,2
39.16387615,19.04596274,2
40.91742583,-7.241260092,2
29.40584933,18.4763494,2
32.61524005,15.17920408,2
26.73769565,18.50254095,2
3.564509382,2.75022967,2
16.2490666,-17.17138296,2
22.56701048,4.11758467,2
38.42508745,1.35143318,2
21.01270401,4.33010089,2
30.87729326,-8.44652356,2
15.11387874,4.87266189,2
35.61181641,7.81841869,2
12.75044976,-9.035241564,2
18.41715263,-2.71801723,2
2.181137534,-1.703147,2
11.58215852,0.40574291,2
24.3149834,0.52840561,2
19.32103693,-7.912700155,2
24.2914425,15.76789838,2
35.5678683,7.9704021,2
32.58235852,5.14561142,2
38.65031536,-0.15734693,2
19.36013362,-2.02341817,2
15.98060076,8.33175915,2
16.71930414,3.20504421,2
20.33219964,-3.92418086,2
48.086929,-4.82179289,2
14.61864828,-3.39503595,2
-1.773877399,14.72345613,2
6.779418325,14.02793819,2
24.47914809,4.453007,2
16.50422954,-0.57228441,2
8.508670583,-18.56098076,2
29.73295258,-15.23526809,2
6.82750822,13.77491361,2
30.52292526,-0.01353082,2
28.86802513,2.90654414,2
22.27779465,31.13103102,2
18.4838266,-2.44356515,2
-4.844310239,-6.257405213,2
7.363682033,9.15540985,2
34.87521991,-8.898282287,2
-3.597630566,-3.4639875,2
32.03117865,-16.09927793,2
19.00793469,-3.96536198,2
4.072693535,5.08856647,2
9.531675701,5.9118638,2
23.87272313,-5.892533634,2
10.5994002,-1.86406353,2
10.48122379,4.53898591,2
20.05869685,-0.55298713,2
10.79940449,-26.13671831,2
15.65731441,6.35026437,2
27.63996372,11.64536365,2
32.25849128,-2.34602794,2
27.27934315,-2.23595517,2
21.55838714,7.01405993,2
18.90168113,-11.43605712,2
13.30916802,-29.56856482,2
29.43822619,-14.62390564,2
15.97995144,-0.32566038,2
11.86040903,-1.36872387,2
36.72173792,-11.32147525,2
10.48390445,-4.55817196,2
17.62698235,-17.30168158,2
40.85790664,5.93610489,2
18.88865506,-23.62800717,2
10.76030677,20.92066322,2
4.011181424,3.56206427,2
33.89600784,5.90428628,2
18.2147178,-16.0446286,2
21.23322552,-1.80505571,2
23.66021921,11.98735248,2
12.34004007,0.78826823,2
19.99496485,-7.953958563,2
9.587900632,-9.573834796,2
23.29378421,-5.328189608,2
28.58378231,-4.05949425,2
12.16959924,-7.796125782,2
22.47980365,14.54222254,2
41.14919445,-4.68440451,2
16.94282087,-6.013710828,2
16.34521927,3.63714157,2
28.68029991,-7.476837083,2
4.062732284,13.55529435,2
23.82229962,-21.13321581,2
20.41851479,14.41833705,2
17.72556078,1.75122744,2
16.1195757,-0.4037608,2
20.95610549,12.20457272,2
16.51185167,20.50813769,2
15.98421795,4.63888319,2
10.15904312,15.92150035,2
27.07056491,0.73178059,2
42.63559512,-3.75055137,2
24.30980301,-8.786934042,2
32.16006737,4.53320851,2
11.86982176,19.68651425,2
25.01235906,-4.01581798,2
21.96166577,7.97056988,2
36.48934273,10.00835605,2
27.20887976,17.45151044,2
31.87511578,10.27476204,2
24.46362142,-5.494621902,2
26.79772605,6.14974902,2
20.10866986,-4.04242729,2
8.194550401,18.35535079,2
34.72214831,22.90615993,2
24.30027529,7.47245316,2
20.68753864,-4.02875127,2
33.36889103,-5.838312627,2
29.06388911,-2.71725513,2
25.36652176,12.18797889,2
20.393235,5.93119371,2
32.99124865,-1.83212319,2
14.00231129,7.5658511,2
12.75942648,10.72997107,2
42.90791042,12.00261986,2
14.57769266,15.6810066,2
34.98871352,12.98982265,2
21.27607003,-3.14195339,2
28.69182337,-0.71009326,2
39.25644354,-3.28177646,2
28.72601624,-13.68810164,2
30.82397475,-5.34761425,2
40.49338984,-9.288526514,2
37.19210793,21.97060038,2
13.49546726,-11.74295974,3
25.22547656,-10.19887801,3
28.76499543,-1.78632494,3
24.23303405,-19.29085683,3
23.3373053,-23.98880041,3
10.60525192,-16.90994455,3
8.376634163,-14.09386055,3
18.86555547,-28.52512714,3
-1.62471854,-42.92223596,3
22.79028626,1.135089577,3
7.956702744,-34.03104305,3
20.63558792,-21.63079098,3
20.77873625,-26.94225772,3
20.63320422,-14.72317731,3
9.395013149,-21.06468639,3
29.10821126,-24.82160196,3
20.24466569,-13.43348457,3
16.72833429,-14.25671284,3
31.94745798,-11.9643159,3
28.36962302,-12.1878056,3
23.30053251,-2.032982388,3
21.00772217,-15.96707345,3
14.00398451,-27.32000146,3
14.21275363,1.418893924,3
29.23687411,-11.02549078,3
14.77386391,-2.597969962,3
21.83809849,-23.51369634,3
18.6929746,-21.3770376,3
16.52164569,-7.352548276,3
44.14997936,-25.09333018,3
30.47308204,-9.883727987,3
29.23264625,-15.60805013,3
29.18663341,-23.98042976,3
29.80818013,-12.66691689,3
18.55866023,-19.14492303,3
18.19766465,-12.87690838,3
17.16500987,-16.0008643,3
23.50419993,-8.850037155,3
21.60769264,-21.59761192,3
14.46488857,-15.74728723,3
9.016850759,-35.7331866,3
10.49053584,-9.333665658,3
9.028166105,-12.62852859,3
13.08692535,-29.65304068,3
32.17281493,-10.22817194,3
19.39812395,-15.68765593,3
16.36320467,-27.14695723,3
1.14294623,-17.22904338,3
27.45198076,-21.28177067,3
23.53179438,-11.67074208,3
22.97112326,-6.414698646,3
8.770640711,-25.11469135,3
10.22754483,-6.741057168,3
16.77109967,-19.61722554,3
18.09801584,1.625639721,3
17.9056262,-11.60678505,3
29.09989936,-21.55287238,3
13.34644366,-21.83486709,3
15.52341204,-15.0582166,3
33.14729351,-10.60837486,3
11.47539366,-10.05919919,3
13.2097215,-3.231020339,3
21.19168256,-17.39762607,3
4.86869664,-10.85884834,3
35.06490812,-17.43649653,3
30.02660814,-31.67838446,3
2.59677524,-20.15986288,3
9.698478765,-17.68452611,3
11.95576653,-3.704998211,3
14.17271241,-13.20232404,3
16.82001081,-7.026421113,3
16.09744346,-21.96145011,3
14.46516314,-35.08704729,3
32.82791768,-20.75419815,3
22.34457897,-15.71911591,3
26.48606949,-14.36731074,3
23.23348937,-16.25282184,3
49.8274055,-22.08211297,3
8.689070969,-4.740824892,3
14.11385652,-29.54516752,3
6.380266303,3.619060395,3
2.84586029,-12.4451288,3
6.534183503,1.73793379,3
17.22521412,-10.15111138,3
-0.19726303,-23.15311295,3
8.696334666,4.05430171,3
9.124861034,-16.30891424,3
17.27248491,-20.7262288,3
14.14045844,-21.25284976,3
16.46921688,-27.14236684,3
5.760121316,-30.19280041,3
15.76418593,-33.92741962,3
8.804879697,-16.53378685,3
15.37952438,-0.537839928,3
18.95245302,-15.76640046,3
11.08030452,-15.83496242,3
21.79434433,-34.45447559,3
19.00549133,-26.1343591,3
21.18815889,-12.70119239,3
23.37607714,-12.66808675,3
25.47601671,10.88629825,3
-9.99369863,-13.04487359,3
11.82155228,-12.96617055,3
21.4624386,-13.78526927,3
0.91372668,-11.5228994,3
15.4332007,-19.12514788,3
18.22826998,-8.905353482,3
-0.94482826,3.557639865,3
17.94342417,-17.43899102,3
4.25832444,-15.36814292,3
16.37377903,-9.01840212,3
14.73285166,-13.40323958,3
8.085005968,-11.60225234,3
1.55166642,-24.21600241,3
-9.86596947,-30.31110457,3
-6.0378922,-18.96013378,3
15.03562661,-6.534706169,3
16.09390681,-17.26334444,3
1.66988829,-20.99193505,3
21.30613605,-10.93466919,3
14.00761632,-14.23860009,3
14.41096802,12.83544737,3
8.055967471,-9.622753749,3
9.40581037,-11.69841413,3
14.11697948,0.311474058,3
7.849820841,-33.25327564,3
16.9090893,-12.29020812,3
11.01763312,-11.63318691,3
13.01802849,-5.221668233,3
21.6370923,-21.33079535,3
5.266195655,-24.90992,3
21.09549133,-28.13755386,3
15.11720326,-7.632195498,3
7.277627267,-36.67652777,3
0.33554911,-23.24751153,3
15.29305655,-15.29906444,3
3.62466905,-10.4000674,3
21.96613673,-31.16656727,3
14.90352596,-25.0312784,3
32.86180516,-19.89207542,3
6.8187156,-18.18725174,3
13.79846134,2.207738887,3
3.13361053,-11.81375676,3
2.44757655,-12.99915896,3
18.38617468,-14.88527342,3
-2.26653972,-15.70883728,3
24.27903779,-19.03378307,3
26.10393993,-6.153681122,3
16.08304022,-27.3281165,3
7.953938518,-22.77468589,3
1.18919688,-18.05770235,3
3.39289601,-17.34984714,3
-3.88706315,-7.244601476,3
4.51571158,-39.40219614,3
5.694327507,-7.87997379,3
27.76362211,-21.49433172,3
36.00482783,0.460008734,3
29.6352679,-24.43457941,3
11.30605393,-23.08941316,3
5.505044361,-6.790757667,3
15.21787391,-26.04358983,3
9.228884266,-22.04124449,3
33.63160408,-17.24682578,3
19.83482924,-14.08184975,3
-4.79836769,-20.83844221,3
-6.18669078,-16.93171577,3
-3.5748885,-17.37208637,3
31.68289797,-27.25905336,3
17.14486938,-34.60089298,3
-5.80607323,-13.67465113,3
13.37346441,-11.47507775,3
15.17864082,-30.938639,3
-2.97856024,-36.54073093,3
9.567014792,-37.68906018,3
12.65124027,-9.831811053,3
11.26631808,-35.57400459,3
10.37411813,-37.15680035,3
-2.19660968,-9.420401911,3
11.60091373,-34.82528337,3
-4.06442009,-27.24225814,3
18.12906439,-31.0576087,3
22.21706564,-12.57650785,3
12.87620469,-26.97922714,3
6.150781467,-18.15459566,3
-5.63491393,-28.79321413,3
27.90464242,-21.76905808,3
31.2042226,-11.61292382,3
-3.00658877,-2.372004343,3
8.887588197,-25.41944749,3
-6.4726092,-21.53461001,3
19.13578916,-29.16658485,3
4.52599451,-29.88968637,3
-17.63086518,-11.64148891,3
6.422241022,-26.65773573,3
9.824382421,-19.23992929,3
10.77944745,-22.99667132,3
16.59080015,-16.56446837,3
20.71505646,-31.7704401,3
2.00725557,-24.70149323,3
7.884987485,-16.79520882,3
9.468114124,-8.792957155,3
25.24412077,-7.242660043,3
5.781038412,-38.49067779,3
5.602334741,-32.99580737,3
-12.54239027,-25.00712233,3
18.63952924,-22.32211987,3
14.22733367,-17.94133813,3
6.487656324,-13.94543449,3
6.922459621,-32.55301408,3
23.56584126,-37.6856916,3
-1.87928609,-28.26845204,3
4.235101,-32.58673065,3
3.55273213,-20.0671364,3
23.34596223,-8.850903632,3
6.845260185,-20.23569714,3
28.08267402,-10.22440027,3
17.16192047,-30.01480224,3
12.57420591,-14.02482635,3
20.23594431,-37.11557315,3
28.01724104,-10.11275924,3
6.534099682,-24.43521789,3
-1.6562084,-3.399831328,3
1.58674248,-17.76059705,3
11.95820222,-17.31695926,3
15.10378679,-30.00318529,3
14.96752994,-40.69085557,3
22.79498149,-20.69025635,3
10.47760477,-31.93801334,3
7.175233949,-22.11641561,3
15.74009889,-29.82099565,3
-5.7599929,-23.92629282,3
5.91377021,-18.16277563,3
28.73911512,-26.17358785,3
13.57016432,-18.44260192,3
23.46194778,-29.32470056,3
21.82985632,-15.67763809,3
8.397550179,-26.70434092,3
15.87437609,-38.87318217,3
15.41112358,-27.47356275,3
23.50734047,-50.35299947,3
21.60569576,-47.79728571,3
18.62313828,-23.30042219,3
5.776945431,-17.2737894,3
4.53711789,-20.58469002,3
17.50435385,-14.26791327,3
13.16937383,-18.7312994,3
-6.80318624,-25.79042455,3
-0.23650664,-18.08827637,3
11.63857202,-33.13916213,3
10.48444971,-34.14352931,3
18.59761373,-9.418360321,3
20.85444701,-19.41616576,3
19.95805355,-20.5941095,3
18.54678956,-18.02487733,3
11.57020579,-26.81468439,3
16.58854074,-18.18318166,3
6.495325061,-25.97252652,3
6.408188741,-21.23182423,3
12.35792355,-14.9465806,3
10.4989701,-33.91632336,3
18.93233159,-5.158828741,3
0.09397171,-36.46160056,3
13.52394411,-21.97168284,3
24.40113512,-42.95878099,3
30.902611,-32.51572833,3
21.92134679,-40.15562792,3
10.01486544,-10.59828344,3
32.21852929,-27.34430574,3
4.35401048,-26.98781722,3
26.89557971,-18.82998322,3
17.3209463,-6.268504083,3
-3.27912837,-25.11363335,3
24.25169892,-12.50212922,3
15.99101466,-34.18363849,3
14.90353285,-19.46751011,3
26.51378117,-33.30881715,3
14.85759165,-47.28377239,3
1.17360349,-29.85358274,3
14.28079853,-20.03223403,3
12.66770265,-27.35659852,3
10.35887996,-8.191753854,3
9.906600626,-15.96643761,3
4.07982471,-22.73641088,3
5.425699556,-22.20164188,3
19.52665978,-11.85376981,3
-1.54266086,-36.81205904,3
29.53671592,-27.00970072,3
7.988020014,-35.07706044,3
19.77038318,-12.01528071,3
16.12286238,-16.16113455,3
22.56035459,-36.09297585,3
22.3742721,-22.3879041,3
16.92325893,-12.46057177,3
-6.09470801,-9.215290177,3
9.388893062,-33.29848788,3
18.50811479,-33.11019797,3
19.55788219,-13.55714797,3
-5.59103958,-11.20228099,3
14.0793213,-28.4687119,3
26.46262376,-26.53528858,3
7.450352402,-36.6989348,3
29.32563775,-17.75332136,3
11.1102353,-27.63824293,3
34.82324362,-21.9641153,3
9.063482115,-25.19641044,3
23.39359436,-26.73283932,3
26.53429963,-14.1326288,3
16.30206225,-6.384690043,3
33.27702406,-20.99296725,3
11.97706552,-33.88174506,3
22.85931096,-23.91914765,3
26.32122579,-26.52122162,3
34.14078879,-25.50554428,3
17.94177011,-19.87641853,3
30.82033691,-32.05041809,3
28.39987779,-24.06242462,3
29.9314529,-26.88267275,3
9.162742355,-19.75839522,3
19.79501286,-16.06782368,3
6.442592411,0.373363557,3
11.70816235,-31.46046779,3
15.96886893,-26.39179345,3
12.95538557,-24.23983614,3
29.48651164,-19.55563026,3
24.01952931,-25.54063303,3
20.20789399,-16.38246765,3
5.283957272,-46.66201532,3
21.33239956,-34.87219599,3
18.28859612,-14.65983802,3
-10.28758984,-25.42795353,3
49.07597555,-31.89844238,3
11.85009933,-38.5187485,3
14.22031039,-24.70704343,3
35.05761738,-33.05735537,3
31.16091862,-36.41622399,3
24.2858518,-11.7714258,3
11.89649,-39.10880256,3
6.743359155,-34.30177997,3
29.04233104,-10.09341609,3
21.49511434,-16.29115997,3
22.56927413,-11.22524094,3
21.68730055,-0.42547243,3
5.517299509,-5.440314175,3
21.88724397,16.0373273,3
36.9074347,-15.7310199,3
22.74626385,-28.95259838,3
12.41629358,-29.79651121,3
23.98418917,-10.36704604,3
11.29474482,-25.1316104,3
16.31590612,-12.93795418,3
26.71530318,1.033884585,3
-10.53942244,-26.106961,3
14.44541405,-21.70072721,3
16.155599,-28.61480125,3
31.27336562,-16.93986562,3
27.84175057,-17.70791859,3
13.81504726,-5.561834787,3
38.54580322,-28.52158744,3
19.48791644,-43.01232404,3
26.41536574,-17.9321965,3
66.06259815,-39.84543771,4
54.78388041,-9.612197706,4
61.61559208,-25.52340905,4
64.28049454,-34.07071073,4
56.77635403,-21.70444159,4
67.42947263,-12.23777572,4
66.62546157,1.769875332,4
55.35458343,-11.12824484,4
63.11860304,-14.46317639,4
41.01365154,-13.55913474,4
65.75662688,-7.452978181,4
74.67204088,-13.26777164,4
70.13861413,-13.00394413,4
53.30378611,-21.23173485,4
61.49096425,-20.29064997,4
64.37762081,-22.29145241,4
68.67413905,-29.45181481,4
68.86701914,-22.94032818,4
52.42109036,-10.12438701,4
46.49784834,-2.303103243,4
61.42077126,-21.23220138,4
55.1793771,-20.02517043,4
76.18759385,-16.35970022,4
63.78950108,-15.97805933,4
72.27796199,-14.45271352,4
67.85079525,-10.4574634,4
58.00244234,-13.34472964,4
78.23994594,-17.0096345,4
56.16377579,-20.05742709,4
56.04757388,-6.780230364,4
65.10666897,-17.12906167,4
42.64102921,-5.934996685,4
57.58831477,-22.27397423,4
47.33024711,-15.19108647,4
61.22083217,-13.92348684,4
61.81252202,-13.84984773,4
63.81449226,-12.7653489,4
56.39142819,-24.67847907,4
61.83017861,-18.99801808,4
73.07420967,-31.23494947,4
50.78945652,-4.096943186,4
62.57189225,-10.05137546,4
52.43550412,1.715732117,4
48.18187969,-20.76939359,4
47.15858837,-22.61215661,4
53.51806039,-9.589665109,4
69.94506939,-11.93527859,4
40.93502492,-2.875765848,4
51.7721565,-16.657929,4
52.94831864,-40.58970648,4
72.66147573,-13.54203829,4
70.70326827,-12.49662461,4
45.31005449,-20.42216235,4
46.21289122,-6.412912818,4
57.78121198,-4.879202805,4
62.64027392,-18.54719662,4
65.63039564,-8.149811957,4
57.43810366,-13.79135724,4
63.49952636,-12.95006087,4
56.64616362,-25.76034523,4
46.50863031,-12.19914743,4
54.23601146,-3.819407219,4
56.21379352,-3.076387643,4
44.31984485,-11.74972634,4
47.35013725,4.595349094,4
49.41121151,-13.05464582,4
55.20831147,-24.32578415,4
73.22755263,-4.210548692,4
39.07373943,-16.03345076,4
51.14285345,-15.12576069,4
57.42298281,-19.41769673,4
50.02166844,-28.95879356,4
49.48672942,-18.66062048,4
51.42580912,-12.04741187,4
62.44262916,-18.44077762,4
72.90407345,-14.59367974,4
52.03975568,-14.97718481,4
19.64996151,-16.10479824,4
61.24049381,-23.16004717,4
56.20553809,-19.84550871,4
60.40525881,-7.615826233,4
47.90313975,-10.86070686,4
51.08435249,-27.2078942,4
50.96005319,-28.61384531,4
62.81285923,13.12099515,4
41.40940152,-20.49329489,4
42.27594629,-20.14922882,4
66.51766132,-1.618099202,4
41.47939645,-5.295500753,4
63.88297357,-12.11960748,4
58.84276338,-27.69099083,4
48.69359298,-29.72334821,4
55.30129062,-12.03774323,4
51.97988935,-15.84405268,4
56.84199203,-7.079621977,4
67.55697208,-25.03284582,4
56.25495268,-23.41926181,4
66.91919818,-3.13758259,4
66.06639762,-17.28501085,4
50.0841492,-19.47489517,4
51.40474809,-22.2268257,4
43.1218222,0.51670659,4
56.49753195,-15.73814484,4
52.01855412,-7.05174454,4
57.32295154,-15.89585069,4
62.06158262,-17.00354825,4
42.38837204,-8.650838717,4
68.86598372,-13.66776259,4
60.08287428,-15.6517819,4
60.24036605,-27.21273645,4
75.22753965,-21.02817912,4
53.16439101,-28.54679203,4
71.27538587,-26.87770642,4
60.18159261,-5.787659366,4
46.40020244,-7.593186421,4
43.87224726,-13.80987238,4
43.11930202,-22.44697846,4
48.62620844,-21.68974274,4
54.39239968,-18.9135922,4
62.53965611,-5.761007725,4
70.17924089,-9.008971302,4
44.79580016,-27.21408884,4
49.27234753,-11.80468546,4
57.34174706,-13.68472739,4
39.25663943,-15.70822277,4
59.14149444,-20.55476235,4
51.62589681,-10.91988154,4
50.50887324,-12.49425166,4
56.27059669,-4.351121682,4
50.31556003,2.420515955,4
38.89117133,-19.43086614,4
44.82876313,-6.305709787,4
64.52683925,-15.83859565,4
52.54590022,-32.86734519,4
47.48107476,-10.57583053,4
47.94776569,-26.83890177,4
53.70849699,-32.08924244,4
54.78840776,-21.94749617,4
52.40971755,3.980982479,4
38.71055552,-21.57994513,4
47.00351587,-9.855548471,4
56.01565012,-29.61561778,4
61.074364,4.020431649,4
45.19225405,-27.4161584,4
43.95892066,-10.68500533,4
57.88815178,-28.0831238,4
55.85625578,-17.934871,4
51.03982663,-22.99617468,4
58.48487487,-20.36527012,4
36.43296334,-39.69094521,4
36.8104377,-22.22421026,4
53.90218756,-32.11718456,4
44.41763274,-22.34630262,4
48.47230967,-32.21797794,4
34.90791948,-34.90870672,4
59.35037503,-13.57690099,4
48.85324968,-21.9961394,4
49.57940485,-23.10700214,4
46.92313609,-20.02628495,4
79.74637272,-21.9464382,4
56.01319183,-13.09342019,4
59.77790383,-26.66130444,4
54.98006742,-20.20276462,4
46.89184192,-8.578682329,4
56.30431526,-15.97420696,4
45.79986909,-20.76446335,4
55.75562489,-27.04735429,4
38.41917635,-13.79366758,4
54.17167546,-23.7159399,4
61.69286725,-13.0669348,4
54.50987451,-28.81951667,4
49.91656266,-23.68066337,4
52.42351437,-20.42216571,4
43.88598352,-10.85777748,4
52.97469061,-22.63372162,4
55.00448092,-28.73809057,4
54.52789232,-10.93280274,4
46.21296856,-2.826585606,4
40.88011801,-22.55353284,4
64.35671434,-22.40289617,4
29.19506477,-44.24106452,4
46.77677527,-16.66547352,4
64.25079673,-32.98915426,4
50.38174167,-26.6520429,4
42.1032867,-29.65240391,4
55.80070906,-31.69754626,4
34.68542281,-26.03927028,4
56.00156838,-8.529374756,4
47.43339825,-26.60946642,4
50.06177014,-14.25643246,4
56.68892226,-12.94576981,4
66.59718658,-21.35386171,4
49.18792536,-8.965435636,4
64.96989069,-4.777799384,4
49.2344012,-26.51903319,4
38.24996697,-10.94078746,4
52.94270342,-33.03289875,4
46.85664654,-12.06943389,4
56.58315094,-2.134051279,4
31.05935374,-13.9733934,4
37.55563265,-16.06327013,4
67.72545924,-9.959014228,4
69.36552512,-35.22919061,4
73.3969461,-6.747955209,4
48.95953957,-29.09767567,4
51.84265528,-23.42805212,4
45.85197522,-17.8031102,4
44.06410898,-26.17371018,4
55.5119215,-26.412774,4
32.42556548,-12.72242692,4
35.5587413,-28.83275991,4
60.67308056,-23.58679286,4
47.7601418,-28.16417477,4
46.04788702,-37.03573502,4
26.65541515,-2.177986799,4
60.69178735,-11.09644004,4
58.19734651,-27.64428958,4
57.75868846,-6.898430786,4
35.18419688,-32.84040628,4
45.49201344,-23.88715545,4
61.12063362,-24.11120718,4
43.46258092,-14.0517553,4
53.28495708,-29.58717872,4
39.94748984,-10.85378458,4
52.97028764,-23.67528727,4
48.67549843,-54.34400407,4
52.19878365,-37.15158987,4
64.43650498,-23.59580127,4
76.35285697,-39.55940507,4
50.08262986,-25.57682235,4
60.81152392,-34.97659217,4
34.87174107,-7.768683343,4
55.27361466,-41.13207651,4
40.17344794,-28.51556817,4
41.94474579,-25.50000662,4
55.97747028,-31.34813049,4
65.39167012,-17.05497401,4
51.80202669,-34.09508977,4
52.5014669,-13.27727175,4
38.56470698,-17.14569367,4
48.68662401,-26.85745003,4
53.26872741,0.483904977,4
35.64367847,-42.11411147,4
59.14266576,-25.68634632,4
64.85829783,-23.94972379,4
64.33002937,-15.36976665,4
66.86402069,-23.49562702,4
47.01292218,-27.71858712,4
57.48523661,-27.24674861,4
68.18057882,-18.46701868,4
49.09431912,-23.28073655,4
46.12678929,-32.68425649,4
48.25510118,-23.95637202,4
42.05236594,-21.93137762,4
52.33613867,-34.98735029,4
60.81061045,-20.85933222,4
61.88529444,-46.40397162,4
65.72756058,-36.87254904,4
59.49227488,-19.2666289,4
83.29923723,-23.27578024,4
71.50613526,-24.19695759,4
69.42279576,-22.73627845,4
53.91141256,-32.72999486,4
47.02467805,-40.10091575,4
60.9677406,-22.95238771,4
51.01859523,-7.992917959,4
81.27400369,-15.47401301,4
61.57983152,-24.45700213,4
61.50247211,-14.7969886,4
51.29339829,-8.051914281,4
50.62393686,-32.21926385,4
56.70424858,-28.93667662,4
52.97370484,-42.9712466,4
67.50299027,-21.1569828,4
75.72140174,-18.85122524,4
44.81670077,-14.20524562,4
61.65531497,-22.71919682,4
50.68938534,-21.30929182,4
52.62393951,-30.53686783,4
55.89607168,-17.36317068,4
76.32785635,-34.76058358,4
51.46204232,-24.78848509,4
33.99769473,-27.18775592,4
38.88229136,-10.16445676,4
60.00097486,-11.65554618,4
64.97265664,-6.079851379,4
66.97851742,-28.54021893,4
61.62559482,-11.87803845,4
43.98163652,-19.39428603,4
71.12646394,-21.59844136,4
57.32334752,-4.042109259,4
72.58829476,-41.0450608,4
76.52540018,-36.1923853,4
58.52284961,-29.03700274,4
54.11321202,-35.21200832,4
53.5446079,-45.46035909,4
55.9177627,-29.59396247,4
56.2157605,-13.47580056,4
57.38409506,-17.93638135,4
53.04387384,-38.76575834,4
50.39831268,-35.35768957,4
49.25560984,-19.82356603,4
74.84024664,-15.62231716,4
64.97951756,-28.76104071,4
83.256318,-23.94620924,4
55.39062268,-31.19062893,4
41.2196447,-15.67083561,4
35.97156628,-10.00795321,4
53.26539028,-10.80390195,4
47.31485949,-32.8821427,4
45.32076566,-10.61148228,4
33.52752884,-18.3181314,4
61.96702674,-9.111213158,4
67.28476832,-20.86985788,4
61.35734604,-18.40140104,4
47.94184826,-20.91469074,4
44.13565355,-25.38814859,4
44.63045652,-31.48783484,4
61.67496955,-29.90302354,4
51.31339166,-27.32222477,4
63.41196727,-15.80968043,4
60.42822874,-8.929015329,4
62.71339745,-5.34738652,4
55.99822343,-20.34378243,4
61.91759517,-32.55667386,4
44.95127854,-39.94427581,4
68.16801673,-10.61739416,4
58.66212569,-26.3010889,4
57.21310069,-41.98608306,4
49.3052157,-33.60579113,4
77.33037678,-8.338864049,4
66.38860315,-6.763320977,4
71.03983146,-22.18061311,4
72.87011147,-29.53269251,4
63.60954812,-10.84414643,4
59.9499846,-22.13665003,4
64.8259565,-6.98723842,4
64.12009703,-0.871179788,4
53.53132922,-31.5776786,4
44.46538231,-18.7286524,4
51.22638579,-15.42630712,4
73.87174815,-17.21451387,4
66.94104563,-27.02015607,4
59.28387254,-23.08409019,4
63.36003361,-24.09479744,4
53.88913847,-32.28375614,4
73.63450732,-11.22901528,4
45.63350855,-13.68609806,4
41.9508233,-19.75776247,4
66.56823074,-25.85410128,4
76.9236286,-22.87733963,4
54.9599319,-22.87997438,4
52.87844687,-31.94681076,4
67.3750801,-21.74191683,4
62.77436071,-6.000766158,4
65.45065635,-11.9501031,4
64.6928559,-17.17583052,4
74.57981491,-24.59434979,4
46.23124086,-24.28896353,4
62.03026851,-7.566840378,4
