file,model,dataset,accuracy,precision_macro,recall_macro,f1_macro,auc_macro,precision_class_1,recall_class_1,f1_class_1,auc_class_1,precision_class_2,recall_class_2,f1_class_2,auc_class_2,precision_class_3,recall_class_3,f1_class_3,auc_class_3,precision_class_4,recall_class_4,f1_class_4,auc_class_4
clusters-4-v0.csv,LogisticRegression,train,1.0,1.0,1.0,1.0,1.0,1.0,1.0,1.0,1.0,1.0,1.0,1.0,1.0,1.0,1.0,1.0,1.0,1.0,1.0,1.0,1.0
clusters-4-v0.csv,LogisticRegression,test,1.0,1.0,1.0,1.0,1.0,1.0,1.0,1.0,1.0,1.0,1.0,1.0,1.0,1.0,1.0,1.0,1.0,1.0,1.0,1.0,1.0
clusters-4-v0.csv,LogisticRegression+Poly(deg2),train,1.0,1.0,1.0,1.0,1.0,1.0,1.0,1.0,1.0,1.0,1.0,1.0,1.0,1.0,1.0,1.0,1.0,1.0,1.0,1.0,1.0
clusters-4-v0.csv,LogisticRegression+Poly(deg2),test,0.9976851851851852,0.9976415094339622,0.9976635514018691,0.9976414569565895,1.0,1.0,0.9906542056074766,0.9953051643192489,1.0,1.0,1.0,1.0,1.0,0.9905660377358491,1.0,0.995260663507109,1.0,1.0,1.0,1.0,1.0
clusters-4-v0.csv,SVC_linear,train,1.0,1.0,1.0,1.0,1.0,1.0,1.0,1.0,1.0,1.0,1.0,1.0,1.0,1.0,1.0,1.0,1.0,1.0,1.0,1.0,1.0
clusters-4-v0.csv,SVC_linear,test,1.0,1.0,1.0,1.0,1.0,1.0,1.0,1.0,1.0,1.0,1.0,1.0,1.0,1.0,1.0,1.0,1.0,1.0,1.0,1.0,1.0
clusters-4-v0.csv,SVC_rbf,train,1.0,1.0,1.0,1.0,1.0,1.0,1.0,1.0,1.0,1.0,1.0,1.0,1.0,1.0,1.0,1.0,1.0,1.0,1.0,1.0,1.0
clusters-4-v0.csv,SVC_rbf,test,1.0,1.0,1.0,1.0,1.0,1.0,1.0,1.0,1.0,1.0,1.0,1.0,1.0,1.0,1.0,1.0,1.0,1.0,1.0,1.0,1.0
clusters-4-v0.csv,RF_leaf1_depth2,train,1.0,1.0,1.0,1.0,1.0,1.0,1.0,1.0,1.0,1.0,1.0,1.0,0.9999999999999999,1.0,1.0,1.0,1.0,1.0,1.0,1.0,1.0
clusters-4-v0.csv,RF_leaf1_depth2,test,1.0,1.0,1.0,1.0,1.0,1.0,1.0,1.0,0.9999999999999999,1.0,1.0,1.0,0.9999999999999999,1.0,1.0,1.0,1.0,1.0,1.0,1.0,1.0
clusters-4-v0.csv,RF_leaf1_depth3,train,1.0,1.0,1.0,1.0,1.0,1.0,1.0,1.0,1.0,1.0,1.0,1.0,1.0000000000000002,1.0,1.0,1.0,1.0,1.0,1.0,1.0,1.0
clusters-4-v0.csv,RF_leaf1_depth3,test,1.0,1.0,1.0,1.0,1.0,1.0,1.0,1.0,1.0,1.0,1.0,1.0,1.0,1.0,1.0,1.0,1.0,1.0,1.0,1.0,1.0
clusters-4-v0.csv,RF_leaf1_depth4,train,1.0,1.0,1.0,1.0,1.0,1.0,1.0,1.0,1.0,1.0,1.0,1.0,1.0,1.0,1.0,1.0,0.9999999999999999,1.0,1.0,1.0,0.9999999999999999
clusters-4-v0.csv,RF_leaf1_depth4,test,1.0,1.0,1.0,1.0,1.0,1.0,1.0,1.0,1.0,1.0,1.0,1.0,1.0,1.0,1.0,1.0,1.0,1.0,1.0,1.0,1.0
clusters-4-v0.csv,RF_leaf1_depth5,train,1.0,1.0,1.0,1.0,1.0,1.0,1.0,1.0,1.0,1.0,1.0,1.0,1.0,1.0,1.0,1.0,1.0,1.0,1.0,1.0,1.0
clusters-4-v0.csv,RF_leaf1_depth5,test,1.0,1.0,1.0,1.0,1.0,1.0,1.0,1.0,1.0,1.0,1.0,1.0,1.0,1.0,1.0,1.0,1.0,1.0,1.0,1.0,1.0
clusters-4-v0.csv,RF_leaf2_depth2,train,1.0,1.0,1.0,1.0,1.0,1.0,1.0,1.0,1.0,1.0,1.0,1.0,1.0,1.0,1.0,1.0,1.0,1.0,1.0,1.0,1.0
clusters-4-v0.csv,RF_leaf2_depth2,test,1.0,1.0,1.0,1.0,1.0,1.0,1.0,1.0,1.0,1.0,1.0,1.0,1.0,1.0,1.0,1.0,1.0,1.0,1.0,1.0,1.0
clusters-4-v0.csv,RF_leaf2_depth3,train,1.0,1.0,1.0,1.0,1.0,1.0,1.0,1.0,1.0,1.0,1.0,1.0,1.0,1.0,1.0,1.0,1.0,1.0,1.0,1.0,1.0
clusters-4-v0.csv,RF_leaf2_depth3,test,1.0,1.0,1.0,1.0,1.0,1.0,1.0,1.0,1.0,1.0,1.0,1.0,1.0,1.0,1.0,1.0,1.0,1.0,1.0,1.0,1.0
clusters-4-v0.csv,RF_leaf2_depth4,train,1.0,1.0,1.0,1.0,1.0,1.0,1.0,1.0,1.0,1.0,1.0,1.0,1.0,1.0,1.0,1.0,1.0,1.0,1.0,1.0,1.0
clusters-4-v0.csv,RF_leaf2_depth4,test,1.0,1.0,1.0,1.0,1.0,1.0,1.0,1.0,1.0,1.0,1.0,1.0,1.0,1.0,1.0,1.0,1.0,1.0,1.0,1.0,1.0
clusters-4-v0.csv,RF_leaf2_depth5,train,1.0,1.0,1.0,1.0,1.0,1.0,1.0,1.0,1.0,1.0,1.0,1.0,1.0,1.0,1.0,1.0,1.0,1.0,1.0,1.0,1.0
clusters-4-v0.csv,RF_leaf2_depth5,test,1.0,1.0,1.0,1.0,1.0,1.0,1.0,1.0,1.0,1.0,1.0,1.0,1.0,1.0,1.0,1.0,1.0,1.0,1.0,1.0,1.0
clusters-4-v0.csv,RF_leaf3_depth2,train,1.0,1.0,1.0,1.0,1.0,1.0,1.0,1.0,1.0,1.0,1.0,1.0,1.0,1.0,1.0,1.0,1.0,1.0,1.0,1.0,1.0
clusters-4-v0.csv,RF_leaf3_depth2,test,1.0,1.0,1.0,1.0,1.0,1.0,1.0,1.0,1.0,1.0,1.0,1.0,1.0,1.0,1.0,1.0,1.0,1.0,1.0,1.0,1.0
clusters-4-v0.csv,RF_leaf3_depth3,train,1.0,1.0,1.0,1.0,1.0,1.0,1.0,1.0,1.0,1.0,1.0,1.0,1.0,1.0,1.0,1.0,1.0,1.0,1.0,1.0,1.0
clusters-4-v0.csv,RF_leaf3_depth3,test,1.0,1.0,1.0,1.0,1.0,1.0,1.0,1.0,1.0,1.0,1.0,1.0,1.0,1.0,1.0,1.0,1.0,1.0,1.0,1.0,1.0
clusters-4-v0.csv,RF_leaf3_depth4,train,1.0,1.0,1.0,1.0,1.0,1.0,1.0,1.0,0.9999999999999999,1.0,1.0,1.0,1.0,1.0,1.0,1.0,1.0,1.0,1.0,1.0,1.0
clusters-4-v0.csv,RF_leaf3_depth4,test,1.0,1.0,1.0,1.0,1.0,1.0,1.0,1.0,1.0,1.0,1.0,1.0,1.0,1.0,1.0,1.0,1.0,1.0,1.0,1.0,1.0
clusters-4-v0.csv,RF_leaf3_depth5,train,1.0,1.0,1.0,1.0,1.0,1.0,1.0,1.0,1.0,1.0,1.0,1.0,1.0,1.0,1.0,1.0,0.9999999999999999,1.0,1.0,1.0,1.0
clusters-4-v0.csv,RF_leaf3_depth5,test,1.0,1.0,1.0,1.0,1.0,1.0,1.0,1.0,1.0,1.0,1.0,1.0,1.0,1.0,1.0,1.0,1.0,1.0,1.0,1.0,1.0
clusters-4-v0.csv,RF_leaf4_depth2,train,1.0,1.0,1.0,1.0,1.0,1.0,1.0,1.0,1.0,1.0,1.0,1.0,1.0,1.0,1.0,1.0,1.0,1.0,1.0,1.0,1.0
clusters-4-v0.csv,RF_leaf4_depth2,test,1.0,1.0,1.0,1.0,1.0,1.0,1.0,1.0,1.0,1.0,1.0,1.0,1.0,1.0,1.0,1.0,1.0,1.0,1.0,1.0,1.0
clusters-4-v0.csv,RF_leaf4_depth3,train,1.0,1.0,1.0,1.0,1.0,1.0,1.0,1.0,1.0,1.0,1.0,1.0,1.0,1.0,1.0,1.0,1.0,1.0,1.0,1.0,1.0
clusters-4-v0.csv,RF_leaf4_depth3,test,1.0,1.0,1.0,1.0,1.0,1.0,1.0,1.0,1.0,1.0,1.0,1.0,1.0,1.0,1.0,1.0,1.0,1.0,1.0,1.0,1.0
clusters-4-v0.csv,RF_leaf4_depth4,train,1.0,1.0,1.0,1.0,1.0,1.0,1.0,1.0,1.0,1.0,1.0,1.0,1.0,1.0,1.0,1.0,0.9999999999999999,1.0,1.0,1.0,0.9999999999999999
clusters-4-v0.csv,RF_leaf4_depth4,test,1.0,1.0,1.0,1.0,1.0,1.0,1.0,1.0,1.0,1.0,1.0,1.0,1.0,1.0,1.0,1.0,1.0,1.0,1.0,1.0,1.0
clusters-4-v0.csv,RF_leaf4_depth5,train,1.0,1.0,1.0,1.0,1.0,1.0,1.0,1.0,1.0,1.0,1.0,1.0,1.0,1.0,1.0,1.0,0.9999999999999999,1.0,1.0,1.0,0.9999999999999999
clusters-4-v0.csv,RF_leaf4_depth5,test,1.0,1.0,1.0,1.0,1.0,1.0,1.0,1.0,1.0,1.0,1.0,1.0,1.0,1.0,1.0,1.0,1.0,1.0,1.0,1.0,1.0
clusters-4-v0.csv,RF_leaf5_depth2,train,1.0,1.0,1.0,1.0,1.0,1.0,1.0,1.0,0.9999999999999999,1.0,1.0,1.0,1.0,1.0,1.0,1.0,1.0,1.0,1.0,1.0,1.0
clusters-4-v0.csv,RF_leaf5_depth2,test,1.0,1.0,1.0,1.0,1.0,1.0,1.0,1.0,1.0,1.0,1.0,1.0,1.0,1.0,1.0,1.0,1.0,1.0,1.0,1.0,1.0
clusters-4-v0.csv,RF_leaf5_depth3,train,1.0,1.0,1.0,1.0,1.0,1.0,1.0,1.0,1.0,1.0,1.0,1.0,1.0,1.0,1.0,1.0,1.0,1.0,1.0,1.0,1.0
clusters-4-v0.csv,RF_leaf5_depth3,test,1.0,1.0,1.0,1.0,1.0,1.0,1.0,1.0,1.0,1.0,1.0,1.0,1.0,1.0,1.0,1.0,1.0,1.0,1.0,1.0,1.0
clusters-4-v0.csv,RF_leaf5_depth4,train,1.0,1.0,1.0,1.0,1.0,1.0,1.0,1.0,1.0,1.0,1.0,1.0,1.0,1.0,1.0,1.0,1.0,1.0,1.0,1.0,1.0
clusters-4-v0.csv,RF_leaf5_depth4,test,1.0,1.0,1.0,1.0,1.0,1.0,1.0,1.0,1.0,1.0,1.0,1.0,1.0,1.0,1.0,1.0,1.0,1.0,1.0,1.0,1.0
clusters-4-v0.csv,RF_leaf5_depth5,train,1.0,1.0,1.0,1.0,1.0,1.0,1.0,1.0,1.0,1.0,1.0,1.0,1.0,1.0,1.0,1.0,0.9999999999999999,1.0,1.0,1.0,0.9999999999999999
clusters-4-v0.csv,RF_leaf5_depth5,test,1.0,1.0,1.0,1.0,1.0,1.0,1.0,1.0,1.0,1.0,1.0,1.0,1.0,1.0,1.0,1.0,1.0,1.0,1.0,1.0,1.0
clusters-4-v0.csv,"MLP(5,)",train,1.0,1.0,1.0,1.0,1.0,1.0,1.0,1.0,1.0,1.0,1.0,1.0,1.0,1.0,1.0,1.0,1.0,1.0,1.0,1.0,1.0
clusters-4-v0.csv,"MLP(5,)",test,0.9976851851851852,0.9976415094339622,0.9976190476190476,0.9976189936279733,1.0,1.0,1.0,1.0,1.0,1.0,1.0,1.0,1.0,1.0,0.9904761904761905,0.9952153110047847,1.0,0.9905660377358491,1.0,0.995260663507109,1.0
clusters-4-v0.csv,"MLP(5, 5)",train,1.0,1.0,1.0,1.0,1.0,1.0,1.0,1.0,1.0,1.0,1.0,1.0,1.0,1.0,1.0,1.0,1.0,1.0,1.0,1.0,1.0
clusters-4-v0.csv,"MLP(5, 5)",test,1.0,1.0,1.0,1.0,1.0,1.0,1.0,1.0,1.0,1.0,1.0,1.0,1.0,1.0,1.0,1.0,1.0,1.0,1.0,1.0,1.0
clusters-4-v0.csv,"MLP(5, 5, 5)",train,1.0,1.0,1.0,1.0,1.0,1.0,1.0,1.0,1.0,1.0,1.0,1.0,1.0,1.0,1.0,1.0,1.0,1.0,1.0,1.0,1.0
clusters-4-v0.csv,"MLP(5, 5, 5)",test,0.9953703703703703,0.9957264957264957,0.9952380952380953,0.9954409814323608,1.0,1.0,1.0,1.0,1.0,0.9829059829059829,1.0,0.9913793103448276,1.0,1.0,0.9809523809523809,0.9903846153846154,1.0,1.0,1.0,1.0,1.0
clusters-4-v0.csv,"MLP(10,)",train,1.0,1.0,1.0,1.0,1.0,1.0,1.0,1.0,1.0,1.0,1.0,1.0,1.0,1.0,1.0,1.0,1.0,1.0,1.0,1.0,1.0
clusters-4-v0.csv,"MLP(10,)",test,1.0,1.0,1.0,1.0,1.0,1.0,1.0,1.0,1.0,1.0,1.0,1.0,1.0,1.0,1.0,1.0,1.0,1.0,1.0,1.0,1.0
clusters-4-v1.csv,LogisticRegression,train,0.9484126984126984,0.9484732419542712,0.9483586319903456,0.9484032882905802,0.9946164500115421,0.9561752988047809,0.9486166007905138,0.9523809523809523,0.9954977357799126,0.9428571428571428,0.9428571428571428,0.9428571428571428,0.9948056811191056,0.9263565891472868,0.9372549019607843,0.9317738791423001,0.9913288024373095,0.968503937007874,0.9647058823529412,0.9666011787819253,0.9968335807098403
clusters-4-v1.csv,LogisticRegression,test,0.9629629629629629,0.9629052485774184,0.9633250130608928,0.9630149241413084,0.9983967302041582,0.9716981132075472,0.9626168224299065,0.9671361502347418,0.9989360172537742,0.9732142857142857,0.9478260869565217,0.960352422907489,0.9970100123439858,0.9444444444444444,0.9714285714285714,0.9577464788732394,0.9984855104121159,0.9622641509433962,0.9714285714285714,0.966824644549763,0.9991553808067569
clusters-4-v1.csv,LogisticRegression+Poly(deg2),train,0.9484126984126984,0.9488224043715847,0.9483263661195704,0.9484711628972662,0.9947926530943885,0.964,0.9525691699604744,0.9582504970178927,0.99598984372955,0.9426229508196722,0.9387755102040817,0.9406952965235174,0.9949715141626768,0.9166666666666666,0.9490196078431372,0.9325626204238922,0.991089237819962,0.972,0.9529411764705882,0.9623762376237623,0.9971200166653647
clusters-4-v1.csv,LogisticRegression+Poly(deg2),test,0.9699074074074074,0.9703096223333991,0.9702163270834543,0.9699834965020314,0.9982773608999991,0.9719626168224299,0.9719626168224299,0.9719626168224299,0.9982458662832494,0.9821428571428571,0.9565217391304348,0.9691629955947136,0.9973391852969414,0.9369369369369369,0.9904761904761905,0.9629629629629629,0.9983981360128149,0.9901960784313726,0.9619047619047619,0.9758454106280193,0.99912625600699
clusters-4-v1.csv,SVC_linear,train,0.9474206349206349,0.9478002684620767,0.9473459739627077,0.9474891411224798,0.994345211769774,0.9563492063492064,0.9525691699604744,0.9544554455445544,0.9941051749862576,0.9465020576131687,0.9387755102040817,0.9426229508196722,0.9952122395485061,0.9163498098859315,0.9450980392156862,0.9305019305019305,0.9910996536728902,0.972,0.9529411764705882,0.9623762376237623,0.9969637788714423
clusters-4-v1.csv,SVC_linear,test,0.9629629629629629,0.9637007063630281,0.9630734699405972,0.9630546672547627,0.9982988164981117,0.9719626168224299,0.9719626168224299,0.9719626168224299,0.9987634795111431,0.9649122807017544,0.9565217391304348,0.9606986899563319,0.9972568920587025,0.9279279279279279,0.9809523809523809,0.9537037037037037,0.9982816368137469,0.99,0.9428571428571428,0.9658536585365853,0.998893257608854
clusters-4-v1.csv,SVC_rbf,train,0.9474206349206349,0.9476628352490422,0.9473782398334829,0.9474721774264411,0.9948445683588614,0.96,0.9486166007905138,0.9542743538767395,0.9967280056540062,0.9428571428571428,0.9428571428571428,0.9428571428571428,0.9949982614277689,0.9195402298850575,0.9411764705882353,0.9302325581395349,0.9910684061141056,0.9682539682539683,0.9568627450980393,0.9625246548323472,0.9965836002395646
clusters-4-v1.csv,SVC_rbf,test,0.9606481481481481,0.9614655450507457,0.9609440606799404,0.9608383932188849,0.9982653745090224,0.9809523809523809,0.9626168224299065,0.9716981132075472,0.9987634795111431,0.956140350877193,0.9478260869565217,0.9519650655021834,0.9970648745028118,0.9285714285714286,0.9904761904761905,0.9585253456221198,0.9982525120139799,0.9801980198019802,0.9428571428571428,0.9611650485436893,0.9989806320081549
clusters-4-v1.csv,RF_leaf1_depth2,train,0.935515873015873,0.9370999660679311,0.9350287941263462,0.935230277809805,0.991151280458589,0.9201520912547528,0.9565217391304348,0.937984496124031,0.9949873046619375,0.9773755656108597,0.8816326530612245,0.927038626609442,0.9864498355043196,0.9182879377431906,0.9254901960784314,0.921875,0.9868187381194178,0.9325842696629213,0.9764705882352941,0.9540229885057471,0.996349243548681
clusters-4-v1.csv,RF_leaf1_depth2,test,0.9074074074074074,0.9137633135683835,0.9101159033300439,0.9074356451203223,0.9957339364394205,0.8306451612903226,0.9626168224299065,0.8917748917748918,0.9957009345794393,0.9782608695652174,0.782608695652174,0.8695652173913043,0.9928267727335071,0.9504950495049505,0.9142857142857143,0.9320388349514563,0.9963594000291248,0.8956521739130435,0.9809523809523809,0.9363636363636364,0.9980486384156109
clusters-4-v1.csv,RF_leaf1_depth3,train,0.9494047619047619,0.9497504663377846,0.9492512419987758,0.9494039911421649,0.9945897028956947,0.9598393574297188,0.9446640316205533,0.952191235059761,0.9973405229955763,0.9541666666666667,0.9346938775510204,0.9443298969072165,0.9935485596597747,0.9201520912547528,0.9490196078431372,0.9343629343629344,0.9904825143868969,0.96484375,0.9686274509803922,0.9667318982387475,0.9969872145405307
clusters-4-v1.csv,RF_leaf1_depth3,test,0.9537037037037037,0.9537298926049677,0.9542597859948531,0.9538373682116963,0.9976540326377099,0.9532710280373832,0.9532710280373832,0.9532710280373832,0.9976994967649173,0.963963963963964,0.9304347826086956,0.9469026548672567,0.9963242353586614,0.9357798165137615,0.9714285714285714,0.9532710280373832,0.9979175768166594,0.9619047619047619,0.9619047619047619,0.9619047619047619,0.9986748216106015
clusters-4-v1.csv,RF_leaf1_depth4,train,0.9553571428571429,0.955587090209759,0.9551968613532369,0.9553226783806869,0.9967915263837583,0.968,0.9565217391304348,0.9622266401590457,0.9981572127843363,0.9583333333333334,0.9387755102040817,0.9484536082474226,0.9961697916388048,0.9310344827586207,0.9529411764705882,0.9418604651162791,0.9945993802567508,0.9649805447470817,0.9725490196078431,0.96875,0.9982397208551415
clusters-4-v1.csv,RF_leaf1_depth4,test,0.9606481481481481,0.96057459769768,0.9611511000174146,0.9607350395605725,0.9977628439063415,0.9626168224299065,0.9626168224299065,0.9626168224299065,0.9983033788641266,0.972972972972973,0.9391304347826087,0.9557522123893806,0.9952818543409684,0.9444444444444444,0.9714285714285714,0.9577464788732394,0.9983690112130479,0.9622641509433962,0.9714285714285714,0.966824644549763,0.999097131207223
clusters-4-v1.csv,RF_leaf1_depth5,train,0.9593253968253969,0.9594261530090408,0.9592139622647478,0.9592957547554937,0.9983505864473544,0.9682539682539683,0.9644268774703557,0.9663366336633663,0.9990105489097715,0.9586776859504132,0.9469387755102041,0.9527720739219713,0.9982560783159922,0.9382239382239382,0.9529411764705882,0.9455252918287937,0.9970366898419394,0.9725490196078431,0.9725490196078431,0.9725490196078431,0.9990990287217145
clusters-4-v1.csv,RF_leaf1_depth5,test,0.9652777777777778,0.9653184102634852,0.965409918538728,0.9653332127792023,0.9981761136594102,0.963302752293578,0.9813084112149533,0.9722222222222222,0.9985334291876348,0.9649122807017544,0.9565217391304348,0.9606986899563319,0.996763132629269,0.9619047619047619,0.9619047619047619,0.9619047619047619,0.9982525120139799,0.9711538461538461,0.9619047619047619,0.9665071770334929,0.9991553808067569
clusters-4-v1.csv,RF_leaf2_depth2,train,0.935515873015873,0.9370999660679311,0.9350287941263462,0.935230277809805,0.991151280458589,0.9201520912547528,0.9565217391304348,0.937984496124031,0.9949873046619375,0.9773755656108597,0.8816326530612245,0.927038626609442,0.9864498355043196,0.9182879377431906,0.9254901960784314,0.921875,0.9868187381194178,0.9325842696629213,0.9764705882352941,0.9540229885057471,0.996349243548681
clusters-4-v1.csv,RF_leaf2_depth2,test,0.9074074074074074,0.9137633135683835,0.9101159033300439,0.9074356451203223,0.9957339364394205,0.8306451612903226,0.9626168224299065,0.8917748917748918,0.9957009345794393,0.9782608695652174,0.782608695652174,0.8695652173913043,0.9928267727335071,0.9504950495049505,0.9142857142857143,0.9320388349514563,0.9963594000291248,0.8956521739130435,0.9809523809523809,0.9363636363636364,0.9980486384156109
clusters-4-v1.csv,RF_leaf2_depth3,train,0.9503968253968254,0.9507827473118633,0.9502316341556385,0.9503962902895581,0.9945556037022079,0.9598393574297188,0.9446640316205533,0.952191235059761,0.9973405229955763,0.9581589958158996,0.9346938775510204,0.9462809917355371,0.9935111134886457,0.9201520912547528,0.9490196078431372,0.9343629343629344,0.9904564747545763,0.9649805447470817,0.9725490196078431,0.96875,0.9969143035700336
clusters-4-v1.csv,RF_leaf2_depth3,test,0.9537037037037037,0.9537298926049677,0.9542597859948531,0.9538373682116963,0.9976806168569459,0.9532710280373832,0.9532710280373832,0.9532710280373832,0.9976994967649173,0.963963963963964,0.9304347826086956,0.9469026548672567,0.9964888218351392,0.9357798165137615,0.9714285714285714,0.9532710280373832,0.9978593272171253,0.9619047619047619,0.9619047619047619,0.9619047619047619,0.9986748216106014
clusters-4-v1.csv,RF_leaf2_depth4,train,0.9543650793650794,0.9546665700136812,0.9542087190607469,0.9543504138791898,0.9966323551616654,0.9678714859437751,0.9525691699604744,0.9601593625498008,0.9980943904928932,0.9583333333333334,0.9387755102040817,0.9484536082474226,0.9961323454676758,0.9274809160305344,0.9529411764705882,0.9400386847195358,0.9943337760070828,0.9649805447470817,0.9725490196078431,0.96875,0.9979689086790093
clusters-4-v1.csv,RF_leaf2_depth4,test,0.9629629629629629,0.9629052485774184,0.9633250130608928,0.9630149241413084,0.9977023942679277,0.9716981132075472,0.9626168224299065,0.9671361502347418,0.9983033788641266,0.9732142857142857,0.9478260869565217,0.960352422907489,0.9949526813880125,0.9444444444444444,0.9714285714285714,0.9577464788732394,0.9984563856123491,0.9622641509433962,0.9714285714285714,0.966824644549763,0.999097131207223
clusters-4-v1.csv,RF_leaf2_depth5,train,0.9593253968253969,0.9594261530090408,0.9592139622647478,0.9592957547554937,0.9979289891835615,0.9682539682539683,0.9644268774703557,0.9663366336633663,0.9987802005078135,0.9586776859504132,0.9469387755102041,0.9527720739219713,0.9977478802792413,0.9382239382239382,0.9529411764705882,0.9455252918287937,0.9964013228133217,0.9725490196078431,0.9725490196078431,0.9725490196078431,0.9987865531338697
clusters-4-v1.csv,RF_leaf2_depth5,test,0.9675925925925926,0.9675283859305032,0.9678353747025019,0.967641904974038,0.9980840628003534,0.9719626168224299,0.9719626168224299,0.9719626168224299,0.9986196980589503,0.9734513274336283,0.9565217391304348,0.9649122807017544,0.9961047867233577,0.9532710280373832,0.9714285714285714,0.9622641509433962,0.9984272608125819,0.9714285714285714,0.9714285714285714,0.9714285714285714,0.9991845056065239
clusters-4-v1.csv,RF_leaf3_depth2,train,0.935515873015873,0.9370999660679311,0.9350287941263462,0.935230277809805,0.991137591805307,0.9201520912547528,0.9565217391304348,0.937984496124031,0.9949192471795409,0.9773755656108597,0.8816326530612245,0.927038626609442,0.9864605344103564,0.9182879377431906,0.9254901960784314,0.921875,0.9868161341561857,0.9325842696629213,0.9764705882352941,0.9540229885057471,0.9963544514751451
clusters-4-v1.csv,RF_leaf3_depth2,test,0.9074074074074074,0.9137633135683835,0.9101159033300439,0.9074356451203223,0.9957133631298607,0.8306451612903226,0.9626168224299065,0.8917748917748918,0.9957009345794392,0.9782608695652174,0.782608695652174,0.8695652173913043,0.9927444794952681,0.9504950495049505,0.9142857142857143,0.9320388349514563,0.9963594000291247,0.8956521739130435,0.9809523809523809,0.9363636363636364,0.9980486384156109
clusters-4-v1.csv,RF_leaf3_depth3,train,0.9494047619047619,0.9497504663377846,0.9492512419987758,0.9494039911421649,0.994549661201372,0.9598393574297188,0.9446640316205533,0.952191235059761,0.9973143470408083,0.9541666666666667,0.9346938775510204,0.9443298969072165,0.9936020541899591,0.9201520912547528,0.9490196078431372,0.9343629343629344,0.9903679400046871,0.96484375,0.9686274509803922,0.9667318982387475,0.9969143035700336
clusters-4-v1.csv,RF_leaf3_depth3,test,0.9537037037037037,0.9537298926049677,0.9542597859948531,0.9538373682116963,0.9977020370266827,0.9532710280373832,0.9532710280373832,0.9532710280373832,0.9976994967649173,0.963963963963964,0.9304347826086956,0.9469026548672567,0.9965162529145523,0.9357798165137615,0.9714285714285714,0.9532710280373832,0.9978884520168925,0.9619047619047619,0.9619047619047619,0.9619047619047619,0.9987039464103684
clusters-4-v1.csv,RF_leaf3_depth4,train,0.9533730158730159,0.9536551141483789,0.9531883108974815,0.9533300433682413,0.9964577520016444,0.964,0.9525691699604744,0.9582504970178927,0.9980158626285893,0.9581589958158996,0.9346938775510204,0.9462809917355371,0.9961269960146575,0.9274809160305344,0.9529411764705882,0.9400386847195358,0.9939640132281333,0.9649805447470817,0.9725490196078431,0.96875,0.9977241361351977
clusters-4-v1.csv,RF_leaf3_depth4,test,0.9583333333333334,0.9582848929547042,0.9589771869739363,0.9584554423544587,0.9976428194573681,0.9537037037037037,0.9626168224299065,0.958139534883721,0.9981883537023724,0.9727272727272728,0.9304347826086956,0.9511111111111111,0.9950624057056645,0.9444444444444444,0.9714285714285714,0.9577464788732394,0.9982233872142129,0.9622641509433962,0.9714285714285714,0.966824644549763,0.999097131207223
clusters-4-v1.csv,RF_leaf3_depth5,train,0.9563492063492064,0.9564777097902097,0.9562172695165023,0.9563067627130672,0.9977096690836076,0.968,0.9565217391304348,0.9622266401590457,0.998633615161113,0.9545454545454546,0.9428571428571428,0.9486652977412731,0.9974911065343569,0.9346153846153846,0.9529411764705882,0.9436893203883495,0.9961096789313334,0.96875,0.9725490196078431,0.9706457925636007,0.998604275707627
clusters-4-v1.csv,RF_leaf3_depth5,test,0.9629629629629629,0.9629052485774184,0.9633250130608928,0.9630149241413084,0.9980183849527855,0.9716981132075472,0.9626168224299065,0.9671361502347418,0.9985334291876347,0.9732142857142857,0.9478260869565217,0.960352422907489,0.9961322178027706,0.9444444444444444,0.9714285714285714,0.9577464788732394,0.998223387214213,0.9622641509433962,0.9714285714285714,0.966824644549763,0.9991845056065239
clusters-4-v1.csv,RF_leaf4_depth2,train,0.935515873015873,0.9370999660679311,0.9350287941263462,0.935230277809805,0.991137591805307,0.9201520912547528,0.9565217391304348,0.937984496124031,0.9949192471795409,0.9773755656108597,0.8816326530612245,0.927038626609442,0.9864605344103564,0.9182879377431906,0.9254901960784314,0.921875,0.9868161341561857,0.9325842696629213,0.9764705882352941,0.9540229885057471,0.9963544514751451
clusters-4-v1.csv,RF_leaf4_depth2,test,0.9074074074074074,0.9137633135683835,0.9101159033300439,0.9074356451203223,0.9957133631298607,0.8306451612903226,0.9626168224299065,0.8917748917748918,0.9957009345794392,0.9782608695652174,0.782608695652174,0.8695652173913043,0.9927444794952681,0.9504950495049505,0.9142857142857143,0.9320388349514563,0.9963594000291247,0.8956521739130435,0.9809523809523809,0.9363636363636364,0.9980486384156109
clusters-4-v1.csv,RF_leaf4_depth3,train,0.9494047619047619,0.9497504663377846,0.9492512419987758,0.9494039911421649,0.9945524570060684,0.9598393574297188,0.9446640316205533,0.952191235059761,0.9972986414679476,0.9541666666666667,0.9346938775510204,0.9443298969072165,0.9936341509080696,0.9201520912547528,0.9490196078431372,0.9343629343629344,0.9903731479311512,0.96484375,0.9686274509803922,0.9667318982387475,0.9969038877171055
clusters-4-v1.csv,RF_leaf4_depth3,test,0.9537037037037037,0.9537298926049677,0.9542597859948531,0.9538373682116963,0.9977156604390569,0.9532710280373832,0.9532710280373832,0.9532710280373832,0.9977282530553558,0.963963963963964,0.9304347826086956,0.9469026548672567,0.9965711150733781,0.9357798165137615,0.9714285714285714,0.9532710280373832,0.9978884520168926,0.9619047619047619,0.9619047619047619,0.9619047619047619,0.9986748216106014
clusters-4-v1.csv,RF_leaf4_depth4,train,0.9523809523809523,0.9526254920617205,0.9522079187406187,0.9523411735521936,0.9963658550298524,0.9601593625498008,0.9525691699604744,0.9563492063492064,0.9978954532366568,0.9581589958158996,0.9346938775510204,0.9462809917355371,0.9960360553133443,0.9272030651340997,0.9490196078431372,0.937984496124031,0.9938963101841003,0.9649805447470817,0.9725490196078431,0.96875,0.9976356013853084
clusters-4-v1.csv,RF_leaf4_depth4,test,0.9583333333333334,0.9582848929547042,0.9589771869739363,0.9584554423544587,0.9975865027536126,0.9537037037037037,0.9626168224299065,0.958139534883721,0.9982458662832495,0.9727272727272728,0.9304347826086956,0.9511111111111111,0.9949252503085997,0.9444444444444444,0.9714285714285714,0.9577464788732394,0.9981360128149119,0.9622641509433962,0.9714285714285714,0.966824644549763,0.999038881607689
clusters-4-v1.csv,RF_leaf4_depth5,train,0.9573412698412699,0.9574983010031286,0.9571976616733651,0.9572973736245032,0.9975023307239659,0.968,0.9565217391304348,0.9622266401590457,0.9984451482867837,0.9585062240663901,0.9428571428571428,0.9506172839506173,0.997282477866638,0.9346153846153846,0.9529411764705882,0.9436893203883495,0.9957659557847043,0.9688715953307393,0.9764705882352941,0.97265625,0.9985157409577377
clusters-4-v1.csv,RF_leaf4_depth5,test,0.9629629629629629,0.9629052485774184,0.9633250130608928,0.9630149241413084,0.9976366512461106,0.9716981132075472,0.9626168224299065,0.9671361502347418,0.9984759166067577,0.9732142857142857,0.9478260869565217,0.960352422907489,0.9944589219585791,0.9444444444444444,0.9714285714285714,0.9577464788732394,0.9984855104121159,0.9622641509433962,0.9714285714285714,0.966824644549763,0.99912625600699
clusters-4-v1.csv,RF_leaf5_depth2,train,0.935515873015873,0.9370999660679311,0.9350287941263462,0.935230277809805,0.9911167036189317,0.9201520912547528,0.9565217391304348,0.937984496124031,0.9949166295840639,0.9773755656108597,0.8816326530612245,0.927038626609442,0.9864525102308288,0.9182879377431906,0.9254901960784314,0.921875,0.9867796786709372,0.9325842696629213,0.9764705882352941,0.9540229885057471,0.9963179959898966
clusters-4-v1.csv,RF_leaf5_depth2,test,0.9143518518518519,0.9190835653151336,0.9166376424604787,0.9144063822398008,0.995747651979127,0.8512396694214877,0.9626168224299065,0.9035087719298246,0.9957009345794392,0.9789473684210527,0.808695652173913,0.8857142857142857,0.9928816348923329,0.9504950495049505,0.9142857142857143,0.9320388349514563,0.9963594000291248,0.8956521739130435,0.9809523809523809,0.9363636363636364,0.9980486384156109
clusters-4-v1.csv,RF_leaf5_depth3,train,0.9494047619047619,0.9497504663377846,0.9492512419987758,0.9494039911421649,0.9944338520420024,0.9598393574297188,0.9446640316205533,0.952191235059761,0.997241054367458,0.9541666666666667,0.9346938775510204,0.9443298969072165,0.9932329419316874,0.9201520912547528,0.9490196078431372,0.9343629343629344,0.9903575241517589,0.96484375,0.9686274509803922,0.9667318982387475,0.9969038877171055
clusters-4-v1.csv,RF_leaf5_depth3,test,0.9537037037037037,0.9537298926049677,0.9542597859948531,0.9538373682116963,0.997633367200818,0.9532710280373832,0.9532710280373832,0.9532710280373832,0.9977282530553558,0.963963963963964,0.9304347826086956,0.9469026548672567,0.9962419421204225,0.9357798165137615,0.9714285714285714,0.9532710280373832,0.9978884520168922,0.9619047619047619,0.9619047619047619,0.9619047619047619,0.9986748216106014
clusters-4-v1.csv,RF_leaf5_depth4,train,0.9513888888888888,0.9517009156750965,0.9512197764481287,0.9513688895945586,0.996253945322098,0.96,0.9486166007905138,0.9542743538767395,0.9978116901813994,0.9581589958158996,0.9346938775510204,0.9462809917355371,0.9958648728167545,0.9236641221374046,0.9490196078431372,0.9361702127659575,0.9937036169049294,0.9649805447470817,0.9725490196078431,0.96875,0.9976356013853085
clusters-4-v1.csv,RF_leaf5_depth4,test,0.9583333333333334,0.9582848929547042,0.9589771869739363,0.9584554423544587,0.9975764790042875,0.9537037037037037,0.9626168224299065,0.958139534883721,0.9980445722501797,0.9727272727272728,0.9304347826086956,0.9511111111111111,0.9951446989439034,0.9444444444444444,0.9714285714285714,0.9577464788732394,0.9980486384156109,0.9622641509433962,0.9714285714285714,0.966824644549763,0.9990680064074559
clusters-4-v1.csv,RF_leaf5_depth5,train,0.9543650793650794,0.954554710793083,0.9542087190607469,0.9543175411065407,0.9973191616296473,0.964,0.9525691699604744,0.9582504970178927,0.9983037981310368,0.9583333333333334,0.9387755102040817,0.9484536082474226,0.9971754888062695,0.9307692307692308,0.9490196078431372,0.9398058252427185,0.9954482722703956,0.9651162790697675,0.9764705882352941,0.9707602339181286,0.9983490873108871
clusters-4-v1.csv,RF_leaf5_depth5,test,0.9629629629629629,0.9629052485774184,0.9633250130608928,0.9630149241413084,0.9976856225902697,0.9716981132075472,0.9626168224299065,0.9671361502347418,0.9983321351545651,0.9732142857142857,0.9478260869565217,0.960352422907489,0.9950898367850776,0.9444444444444444,0.9714285714285714,0.9577464788732394,0.998165137614679,0.9622641509433962,0.9714285714285714,0.966824644549763,0.999155380806757
clusters-4-v1.csv,"MLP(5,)",train,0.9484126984126984,0.9484254621347644,0.9482695845136473,0.9482470764710763,0.993565171163592,0.9384615384615385,0.9644268774703557,0.9512670565302144,0.9950527445488574,0.95,0.9306122448979591,0.9402061855670103,0.9938213817637147,0.944,0.9254901960784314,0.9346534653465347,0.9903080488503502,0.9612403100775194,0.9725490196078431,0.9668615984405458,0.995078509491446
clusters-4-v1.csv,"MLP(5,)",test,0.9629629629629629,0.9630225277145091,0.9632360054952498,0.9629765246324613,0.9982096105692594,0.9722222222222222,0.9813084112149533,0.9767441860465116,0.998648454349389,0.9732142857142857,0.9478260869565217,0.960352422907489,0.9969277191057468,0.9357798165137615,0.9714285714285714,0.9532710280373832,0.9983398864132809,0.970873786407767,0.9523809523809523,0.9615384615384616,0.998922382408621
clusters-4-v1.csv,"MLP(5, 5)",train,0.9484126984126984,0.9487080343912864,0.9483418663908252,0.9484472014884381,0.9942936787492599,0.9604743083003953,0.9604743083003953,0.9604743083003953,0.9947857498102243,0.9426229508196722,0.9387755102040817,0.9406952965235174,0.9945703051862946,0.9198473282442748,0.9450980392156862,0.9323017408123792,0.9917818920396844,0.9718875502008032,0.9490196078431372,0.9603174603174603,0.9960367679608364
clusters-4-v1.csv,"MLP(5, 5)",test,0.9629629629629629,0.9634689960890017,0.9633250130608928,0.9630493734108944,0.998002792452655,0.9716981132075472,0.9626168224299065,0.9671361502347418,0.9982458662832495,0.9732142857142857,0.9478260869565217,0.960352422907489,0.9972020298998765,0.9285714285714286,0.9904761904761905,0.9585253456221198,0.9976700160186399,0.9803921568627451,0.9523809523809523,0.966183574879227,0.998893257608854
clusters-4-v1.csv,"MLP(5, 5, 5)",train,0.9474206349206349,0.9473304594123506,0.9473859899691102,0.9472965457094286,0.994232740689607,0.9601593625498008,0.9525691699604744,0.9563492063492064,0.995351150433212,0.9203187250996016,0.9428571428571428,0.9314516129032258,0.9948912723674004,0.944,0.9254901960784314,0.9346534653465347,0.9900424446006822,0.96484375,0.9686274509803922,0.9667318982387475,0.9966460953571336
clusters-4-v1.csv,"MLP(5, 5, 5)",test,0.9629629629629629,0.9629285115036516,0.9632360054952498,0.9630430242272348,0.9982210069896712,0.963302752293578,0.9813084112149533,0.9722222222222222,0.9984471603163192,0.9646017699115044,0.9478260869565217,0.956140350877193,0.9971745988204636,0.9619047619047619,0.9619047619047619,0.9619047619047619,0.9982816368137469,0.9619047619047619,0.9619047619047619,0.9619047619047619,0.998980632008155
clusters-4-v1.csv,"MLP(10,)",train,0.9464285714285714,0.9463881260918765,0.9463500815345902,0.9463560800636841,0.9945700295964517,0.956,0.9446640316205533,0.9502982107355865,0.9949689814936,0.9387755102040817,0.9387755102040817,0.9387755102040817,0.9951747933773771,0.9296875,0.9333333333333333,0.9315068493150684,0.9911725646433872,0.9610894941634242,0.9686274509803922,0.96484375,0.9969637788714423
clusters-4-v1.csv,"MLP(10,)",test,0.9629629629629629,0.9629587655249577,0.9633250130608928,0.9630913241512735,0.9983584834360033,0.9716981132075472,0.9626168224299065,0.9671361502347418,0.9988497483824587,0.9646017699115044,0.9478260869565217,0.956140350877193,0.9971471677410506,0.9532710280373832,0.9714285714285714,0.9622641509433962,0.9983398864132809,0.9622641509433962,0.9714285714285714,0.966824644549763,0.999097131207223
clusters-4-v2.csv,LogisticRegression,train,0.8640873015873016,0.8631886498514614,0.8633509530294331,0.8632241634755666,0.9673966787113871,0.8669354838709677,0.849802371541502,0.8582834331337326,0.9719079653430359,0.7983539094650206,0.7918367346938775,0.7950819672131147,0.9434616310482252,0.833976833976834,0.8470588235294118,0.8404669260700389,0.9574304090826237,0.9534883720930233,0.9647058823529412,0.9590643274853801,0.9967867093716637
clusters-4-v2.csv,LogisticRegression,test,0.8703703703703703,0.873759972173456,0.8737079390878659,0.8707682083997873,0.9785607935107439,0.8230088495575221,0.8691588785046729,0.8454545454545455,0.9756721782890007,0.8842105263157894,0.7304347826086957,0.8,0.9595117267864491,0.8166666666666667,0.9333333333333333,0.8711111111111111,0.9796126401630989,0.9711538461538461,0.9619047619047619,0.9665071770334929,0.9994466288044269
clusters-4-v2.csv,LogisticRegression+Poly(deg2),train,0.8571428571428571,0.8567035865937355,0.8562326116217238,0.8561806804582284,0.9678484065230503,0.8554216867469879,0.841897233201581,0.848605577689243,0.9725518938303275,0.8034188034188035,0.7673469387755102,0.7849686847599165,0.9449006339101826,0.8111111111111111,0.8588235294117647,0.8342857142857143,0.9570241908184256,0.9568627450980393,0.9568627450980393,0.9568627450980393,0.9969169075332656
clusters-4-v2.csv,LogisticRegression+Poly(deg2),test,0.8726851851851852,0.8772108265642585,0.8761333952516399,0.8733052603714965,0.9782803750116973,0.8214285714285714,0.8598130841121495,0.8401826484018264,0.9740618260244428,0.8842105263157894,0.7304347826086957,0.8,0.9600877794541215,0.8130081300813008,0.9523809523809523,0.8771929824561403,0.9796126401630989,0.9901960784313726,0.9619047619047619,0.9758454106280193,0.999359254405126
clusters-4-v2.csv,SVC_linear,train,0.8601190476190477,0.8595900367819607,0.8593493523891771,0.859390868534051,0.9672288718507285,0.8669354838709677,0.849802371541502,0.8582834331337326,0.9709080438709001,0.7933884297520661,0.7836734693877551,0.7885010266940452,0.9436809586219809,0.8250950570342205,0.8509803921568627,0.8378378378378378,0.9576439340676509,0.9529411764705882,0.9529411764705882,0.9529411764705882,0.996682550842382
clusters-4-v2.csv,SVC_linear,test,0.8703703703703703,0.8748469649764559,0.8739149784253402,0.8707723689989136,0.9785739562864577,0.8230088495575221,0.8691588785046729,0.8454545454545455,0.9758447160316319,0.8829787234042553,0.7217391304347827,0.7942583732057417,0.959566588945275,0.8130081300813008,0.9523809523809523,0.8771929824561403,0.9796417649628658,0.9803921568627451,0.9523809523809523,0.966183574879227,0.9992427552060579
clusters-4-v2.csv,SVC_rbf,train,0.8601190476190477,0.8603367666201891,0.8593183518466676,0.8594380967143116,0.9652507273790015,0.871900826446281,0.83399209486166,0.8525252525252526,0.9720807266445043,0.8067226890756303,0.7836734693877551,0.7950310559006211,0.9400379811164309,0.8058608058608059,0.8627450980392157,0.8333333333333334,0.9530661667057261,0.9568627450980393,0.9568627450980393,0.9568627450980393,0.9958180350493452
clusters-4-v2.csv,SVC_rbf,test,0.8657407407407407,0.871028134354918,0.8689170101197732,0.8666171053514122,0.9791614808022802,0.8240740740740741,0.8317757009345794,0.827906976744186,0.9750107836089144,0.8762886597938144,0.7391304347826086,0.8018867924528302,0.9631874914277876,0.7936507936507936,0.9523809523809523,0.8658008658008658,0.9792631425658949,0.9900990099009901,0.9523809523809523,0.970873786407767,0.9991845056065239
clusters-4-v2.csv,RF_leaf1_depth2,train,0.8551587301587301,0.8582661822182099,0.8548190817829109,0.8553409845767699,0.9553755829341042,0.8933333333333333,0.7944664031620553,0.8410041841004184,0.9547260686333534,0.7611940298507462,0.8326530612244898,0.7953216374269005,0.925008692861155,0.8143939393939394,0.8431372549019608,0.8285163776493256,0.9489284691300158,0.9641434262948207,0.9490196078431372,0.9565217391304348,0.9928391011118924
clusters-4-v2.csv,RF_leaf1_depth2,test,0.8564814814814815,0.8595190365190365,0.8598962868365551,0.8569305566483391,0.962821937955135,0.8365384615384616,0.8130841121495327,0.8246445497630331,0.9483393242271747,0.8383838383838383,0.7217391304347827,0.7757009345794392,0.930078178576327,0.792,0.9428571428571428,0.8608695652173913,0.9745303626037571,0.9711538461538461,0.9619047619047619,0.9665071770334929,0.998339886413281
clusters-4-v2.csv,RF_leaf1_depth3,train,0.8630952380952381,0.8646448697028778,0.8627409857223522,0.8629931385203178,0.9649812928182119,0.8841201716738197,0.8142292490118577,0.8477366255144033,0.9711593330366725,0.7706766917293233,0.8367346938775511,0.8023483365949119,0.9339315804958943,0.8392156862745098,0.8392156862745098,0.8392156862745098,0.9587688461838918,0.9645669291338582,0.9607843137254902,0.962671905697446,0.9960654115563887
clusters-4-v2.csv,RF_leaf1_depth3,test,0.8611111111111112,0.8639395089510028,0.8647762233702909,0.8612710695394932,0.9709115802034706,0.8317757009345794,0.8317757009345794,0.8317757009345794,0.9662544931703809,0.8541666666666666,0.7130434782608696,0.7772511848341233,0.9386092442737622,0.7983870967741935,0.9428571428571428,0.8646288209606987,0.9800931993592543,0.9714285714285714,0.9714285714285714,0.9714285714285714,0.9986893840104849
clusters-4-v2.csv,RF_leaf1_depth4,train,0.871031746031746,0.8722138297317564,0.8706951555325688,0.8709048686144224,0.9729813533215871,0.8860759493670886,0.8300395256916996,0.8571428571428571,0.9767688401434442,0.7811320754716982,0.8448979591836735,0.8117647058823529,0.9499585417391071,0.8492063492063492,0.8392156862745098,0.8441814595660749,0.9675311824597037,0.9724409448818898,0.9686274509803922,0.9705304518664047,0.997666848944093
clusters-4-v2.csv,RF_leaf1_depth4,test,0.8611111111111112,0.863640500003581,0.8647317195874693,0.8613623032360115,0.9746900792373394,0.8256880733944955,0.8411214953271028,0.8333333333333334,0.9707548526240114,0.8541666666666666,0.7130434782608696,0.7772511848341233,0.9485530105609656,0.8032786885245902,0.9333333333333333,0.8634361233480177,0.9806174457550605,0.9714285714285714,0.9714285714285714,0.9714285714285714,0.9988350080093199
clusters-4-v2.csv,RF_leaf1_depth5,train,0.8779761904761905,0.8786154979233073,0.8775889011731175,0.8777390004804578,0.9797981811069455,0.8916666666666667,0.8458498023715415,0.8681541582150102,0.9815093055519201,0.7931034482758621,0.8448979591836735,0.8181818181818182,0.9628507235135207,0.8571428571428571,0.8470588235294118,0.8520710059171598,0.9762258156914825,0.9725490196078431,0.9725490196078431,0.9725490196078431,0.998606879670859
clusters-4-v2.csv,RF_leaf1_depth5,test,0.8611111111111112,0.8621843965669855,0.8645691840328167,0.8608312713913565,0.9762690134529763,0.8240740740740741,0.8317757009345794,0.827906976744186,0.970941768511862,0.8645833333333334,0.7217391304347827,0.7867298578199052,0.9542449595391579,0.8151260504201681,0.9238095238095239,0.8660714285714286,0.9808504441531964,0.944954128440367,0.9809523809523809,0.9626168224299065,0.9990388816076888
clusters-4-v2.csv,RF_leaf2_depth2,train,0.8551587301587301,0.8582661822182099,0.8548190817829109,0.8553409845767699,0.9553451364988997,0.8933333333333333,0.7944664031620553,0.8410041841004184,0.9546946574876318,0.7611940298507462,0.8326530612244898,0.7953216374269005,0.9249391499719153,0.8143939393939394,0.8431372549019608,0.8285163776493256,0.9489128453506237,0.9641434262948207,0.9490196078431372,0.9565217391304348,0.9928338931854284
clusters-4-v2.csv,RF_leaf2_depth2,test,0.8564814814814815,0.8595190365190365,0.8598962868365551,0.8569305566483391,0.9627807913360156,0.8365384615384616,0.8130841121495327,0.8246445497630331,0.9483393242271747,0.8383838383838383,0.7217391304347827,0.7757009345794392,0.9299135920998491,0.792,0.9428571428571428,0.8608695652173913,0.9745303626037571,0.9711538461538461,0.9619047619047619,0.9665071770334929,0.998339886413281
clusters-4-v2.csv,RF_leaf2_depth3,train,0.8630952380952381,0.8646448697028778,0.8627409857223522,0.8629931385203178,0.964755062581962,0.8841201716738197,0.8142292490118577,0.8477366255144033,0.970949925398529,0.7706766917293233,0.8367346938775511,0.8023483365949119,0.9336266616738439,0.8392156862745098,0.8392156862745098,0.8392156862745098,0.9584719943754394,0.9645669291338582,0.9607843137254902,0.962671905697446,0.9959716688800353
clusters-4-v2.csv,RF_leaf2_depth3,test,0.8611111111111112,0.8639395089510028,0.8647762233702909,0.8612710695394932,0.9706886900957968,0.8317757009345794,0.8317757009345794,0.8317757009345794,0.9658087706685837,0.8541666666666666,0.7130434782608696,0.7772511848341233,0.9380469071457962,0.7983870967741935,0.9428571428571428,0.8646288209606987,0.9802096985583224,0.9714285714285714,0.9714285714285714,0.9714285714285714,0.998689384010485
clusters-4-v2.csv,RF_leaf2_depth4,train,0.8700396825396826,0.8710531949642151,0.8696747473693035,0.8698455057730187,0.9727047525641972,0.8860759493670886,0.8300395256916996,0.8571428571428571,0.9762060571159333,0.7803030303030303,0.8408163265306122,0.8094302554027505,0.9497846845160082,0.8492063492063492,0.8392156862745098,0.8441814595660749,0.9672759940629638,0.9686274509803922,0.9686274509803922,0.9686274509803922,0.9975522745618832
clusters-4-v2.csv,RF_leaf2_depth4,test,0.8611111111111112,0.863640500003581,0.8647317195874693,0.8613623032360115,0.9746630818415041,0.8256880733944955,0.8411214953271028,0.8333333333333334,0.9703810208483106,0.8541666666666666,0.7130434782608696,0.7772511848341233,0.9489644767521602,0.8032786885245902,0.9333333333333333,0.8634361233480177,0.9805009465559924,0.9714285714285714,0.9714285714285714,0.9714285714285714,0.998805883209553
clusters-4-v2.csv,RF_leaf2_depth5,train,0.875,0.8756239133584468,0.8745999585604993,0.8747504661111206,0.9786859230509942,0.8875,0.841897233201581,0.8640973630831643,0.9810250503887128,0.789272030651341,0.8408163265306122,0.8142292490118577,0.960922245700377,0.8531746031746031,0.8431372549019608,0.8481262327416174,0.9744759523995521,0.9725490196078431,0.9725490196078431,0.9725490196078431,0.9983204437153347
clusters-4-v2.csv,RF_leaf2_depth5,test,0.8611111111111112,0.8621843965669855,0.8645691840328167,0.8608312713913565,0.9757533932168266,0.8240740740740741,0.8317757009345794,0.827906976744186,0.970510424155284,0.8645833333333334,0.7217391304347827,0.7867298578199052,0.9528322589493896,0.8151260504201681,0.9238095238095239,0.8660714285714286,0.980777632153779,0.944954128440367,0.9809523809523809,0.9626168224299065,0.998893257608854
clusters-4-v2.csv,RF_leaf3_depth2,train,0.8551587301587301,0.8582661822182099,0.8548190817829109,0.8553409845767699,0.9555716212560125,0.8933333333333333,0.7944664031620553,0.8410041841004184,0.9546213648142816,0.7611940298507462,0.8326530612244898,0.7953216374269005,0.9249444994249337,0.8143939393939394,0.8431372549019608,0.8285163776493256,0.9499127672317267,0.9641434262948207,0.9490196078431372,0.9565217391304348,0.9928078535531077
clusters-4-v2.csv,RF_leaf3_depth2,test,0.8564814814814815,0.8595190365190365,0.8598962868365551,0.8569305566483391,0.9628188081676411,0.8365384615384616,0.8130841121495327,0.8246445497630331,0.9483393242271747,0.8383838383838383,0.7217391304347827,0.7757009345794392,0.9293375394321767,0.792,0.9428571428571428,0.8608695652173913,0.9752584825979321,0.9711538461538461,0.9619047619047619,0.9665071770334929,0.998339886413281
clusters-4-v2.csv,RF_leaf3_depth3,train,0.8640873015873016,0.8654957264210326,0.8637291280148424,0.8639779575009812,0.9647496103754538,0.8846153846153846,0.8181818181818182,0.8501026694045175,0.9710965107452295,0.7735849056603774,0.8367346938775511,0.803921568627451,0.9337577232727954,0.8392156862745098,0.8392156862745098,0.8392156862745098,0.958313152618285,0.9645669291338582,0.9607843137254902,0.962671905697446,0.9958310548655052
clusters-4-v2.csv,RF_leaf3_depth3,test,0.8611111111111112,0.8639395089510028,0.8647762233702909,0.8612710695394932,0.9709213647773713,0.8317757009345794,0.8317757009345794,0.8317757009345794,0.9663982746225737,0.8541666666666666,0.7130434782608696,0.7772511848341233,0.9384172267178713,0.7983870967741935,0.9428571428571428,0.8646288209606987,0.9802096985583224,0.9714285714285714,0.9714285714285714,0.9714285714285714,0.9986602592107179
clusters-4-v2.csv,RF_leaf3_depth4,train,0.8680555555555556,0.8689386133297223,0.8676661969135481,0.867785980855679,0.9723054652847767,0.885593220338983,0.8260869565217391,0.8548057259713702,0.9756301861110384,0.779467680608365,0.8367346938775511,0.8070866141732284,0.9490758819910663,0.8458498023715415,0.8392156862745098,0.84251968503937,0.9669140431737103,0.96484375,0.9686274509803922,0.9667318982387475,0.997601749863292
clusters-4-v2.csv,RF_leaf3_depth4,test,0.8611111111111112,0.863640500003581,0.8647317195874693,0.8613623032360115,0.9746153263741477,0.8256880733944955,0.8411214953271028,0.8333333333333334,0.9702372393961178,0.8541666666666666,0.7130434782608696,0.7772511848341233,0.9487861747359759,0.8032786885245902,0.9333333333333333,0.8634361233480177,0.9806465705548274,0.9714285714285714,0.9714285714285714,0.9714285714285714,0.9987913208096695
clusters-4-v2.csv,RF_leaf3_depth5,train,0.8740079365079365,0.8747310873949768,0.8736595824100392,0.8738241199282191,0.9780732725833884,0.8838174273858921,0.841897233201581,0.8623481781376519,0.9806114703033794,0.7900763358778626,0.8448979591836735,0.8165680473372781,0.9603043838767487,0.852589641434263,0.8392156862745098,0.8458498023715415,0.973200010415853,0.9724409448818898,0.9686274509803922,0.9705304518664047,0.9981772257375726
clusters-4-v2.csv,RF_leaf3_depth5,test,0.8634259259259259,0.8655992420467173,0.8669501364137691,0.8634270437872742,0.9763680500193952,0.8240740740740741,0.8317757009345794,0.827906976744186,0.9711861969805894,0.8645833333333334,0.7217391304347827,0.7867298578199052,0.9543821149362227,0.8114754098360656,0.9428571428571428,0.8722466960352423,0.9808941313528469,0.9622641509433962,0.9714285714285714,0.966824644549763,0.9990097568079219
clusters-4-v2.csv,RF_leaf4_depth2,train,0.8551587301587301,0.8582661822182099,0.8548190817829109,0.8553409845767699,0.9555663425662713,0.8933333333333333,0.7944664031620553,0.8410041841004184,0.9546213648142816,0.7611940298507462,0.8326530612244898,0.7953216374269005,0.924933800518897,0.8143939393939394,0.8431372549019608,0.8285163776493256,0.9499127672317267,0.9641434262948207,0.9490196078431372,0.9565217391304348,0.9927974377001796
clusters-4-v2.csv,RF_leaf4_depth2,test,0.8564814814814815,0.8595190365190365,0.8598962868365551,0.8569305566483391,0.962729657159549,0.8365384615384616,0.8130841121495327,0.8246445497630331,0.9483393242271747,0.8383838383838383,0.7217391304347827,0.7757009345794392,0.928980935399808,0.792,0.9428571428571428,0.8608695652173913,0.9752584825979321,0.9711538461538461,0.9619047619047619,0.9665071770334929,0.998339886413281
clusters-4-v2.csv,RF_leaf4_depth3,train,0.8640873015873016,0.8654066614904121,0.863721377879215,0.8638949406923264,0.9649816854195628,0.8841201716738197,0.8142292490118577,0.8477366255144033,0.9711645682276261,0.7735849056603774,0.8367346938775511,0.803921568627451,0.9343836092759515,0.8392156862745098,0.8392156862745098,0.8392156862745098,0.9585579251620967,0.9647058823529412,0.9647058823529412,0.9647058823529412,0.995820639012577
clusters-4-v2.csv,RF_leaf4_depth3,test,0.8611111111111112,0.8639395089510028,0.8647762233702909,0.8612710695394932,0.9710461847665154,0.8317757009345794,0.8317757009345794,0.8317757009345794,0.9666283249460821,0.8541666666666666,0.7130434782608696,0.7772511848341233,0.93877383075024,0.7983870967741935,0.9428571428571428,0.8646288209606987,0.9801514489587884,0.9714285714285714,0.9714285714285714,0.9714285714285714,0.998631134410951
clusters-4-v2.csv,RF_leaf4_depth4,train,0.8670634920634921,0.8677896177681055,0.8666457887502828,0.8667257222053477,0.9721167360715242,0.885593220338983,0.8260869565217391,0.8548057259713702,0.97545742480957,0.7786259541984732,0.8326530612244898,0.8047337278106509,0.9491186776152138,0.8458498023715415,0.8392156862745098,0.84251968503937,0.9664088743066948,0.9610894941634242,0.9686274509803922,0.96484375,0.997481967554618
clusters-4-v2.csv,RF_leaf4_depth4,test,0.8634259259259259,0.8659516550522648,0.8671126719684217,0.8635775278049638,0.9745143657690444,0.8333333333333334,0.8411214953271028,0.8372093023255814,0.9700647016534867,0.8541666666666666,0.7130434782608696,0.7772511848341233,0.948758743656563,0.8048780487804879,0.9428571428571428,0.868421052631579,0.9805591961555263,0.9714285714285714,0.9714285714285714,0.9714285714285714,0.9986748216106015
clusters-4-v2.csv,RF_leaf4_depth5,train,0.873015873015873,0.8735492505732225,0.8726469243824012,0.8727668802685895,0.9777152296404283,0.8842975206611571,0.8458498023715415,0.8646464646464647,0.9801403031175562,0.789272030651341,0.8408163265306122,0.8142292490118577,0.9598068847460346,0.852,0.8352941176470589,0.8435643564356435,0.9730489805483947,0.9686274509803922,0.9686274509803922,0.9686274509803922,0.9978647501497279
clusters-4-v2.csv,RF_leaf4_depth5,test,0.8634259259259259,0.8659615468017108,0.866743097076295,0.8638483110447795,0.9763567662332939,0.8240740740740741,0.8317757009345794,0.827906976744186,0.9706110711718188,0.8571428571428571,0.7304347826086957,0.7887323943661971,0.9552324783980249,0.8114754098360656,0.9428571428571428,0.8722466960352423,0.9804863841561089,0.9711538461538461,0.9619047619047619,0.9665071770334929,0.999097131207223
clusters-4-v2.csv,RF_leaf5_depth2,train,0.8551587301587301,0.8582661822182099,0.8548190817829109,0.8553409845767699,0.9555316772665672,0.8933333333333333,0.7944664031620553,0.8410041841004184,0.9546213648142816,0.7611940298507462,0.8326530612244898,0.7953216374269005,0.9248107630994731,0.8143939393939394,0.8431372549019608,0.8285163776493256,0.9499127672317267,0.9641434262948207,0.9490196078431372,0.9565217391304348,0.9927818139207873
clusters-4-v2.csv,RF_leaf5_depth2,test,0.8564814814814815,0.8601534466795095,0.8596892474990809,0.8573688669093573,0.962716365049931,0.8365384615384616,0.8130841121495327,0.8246445497630331,0.9483393242271747,0.8316831683168316,0.7304347826086957,0.7777777777777778,0.928898642161569,0.792,0.9428571428571428,0.8608695652173913,0.9752584825979321,0.9803921568627451,0.9523809523809523,0.966183574879227,0.998369011213048
clusters-4-v2.csv,RF_leaf5_depth3,train,0.8630952380952381,0.8642501576689006,0.8627009697159497,0.8628355062341497,0.9648803885984072,0.8841201716738197,0.8142292490118577,0.8477366255144033,0.971101745936183,0.7727272727272727,0.8326530612244898,0.8015717092337917,0.9340412442827721,0.8392156862745098,0.8392156862745098,0.8392156862745098,0.9585735489414889,0.9609375,0.9647058823529412,0.9628180039138943,0.9958050152331848
clusters-4-v2.csv,RF_leaf5_depth3,test,0.8611111111111112,0.8639395089510028,0.8647762233702909,0.8612710695394932,0.9709151873272188,0.8317757009345794,0.8317757009345794,0.8317757009345794,0.9667145938173975,0.8541666666666666,0.7130434782608696,0.7772511848341233,0.9382800713208065,0.7983870967741935,0.9428571428571428,0.8646288209606987,0.9800931993592544,0.9714285714285714,0.9714285714285714,0.9714285714285714,0.9985728848114168
clusters-4-v2.csv,RF_leaf5_depth4,train,0.8670634920634921,0.8677896177681055,0.8666457887502828,0.8667257222053477,0.9719475063871293,0.885593220338983,0.8260869565217391,0.8548057259713702,0.9753919849226502,0.7786259541984732,0.8326530612244898,0.8047337278106509,0.9488405060582555,0.8458498023715415,0.8392156862745098,0.84251968503937,0.9661016066453141,0.9610894941634242,0.9686274509803922,0.96484375,0.9974559279222978
clusters-4-v2.csv,RF_leaf5_depth4,test,0.8634259259259259,0.8659516550522648,0.8671126719684217,0.8635775278049638,0.9746841260412136,0.8333333333333334,0.8411214953271028,0.8372093023255814,0.969863407620417,0.8541666666666666,0.7130434782608696,0.7772511848341233,0.9495953915786587,0.8048780487804879,0.9428571428571428,0.868421052631579,0.9805591961555264,0.9714285714285714,0.9714285714285714,0.9714285714285714,0.9987185088102519
clusters-4-v2.csv,RF_leaf5_depth5,train,0.8700396825396826,0.8704691792582417,0.8696502316341557,0.8697225851748526,0.9770404697110922,0.8833333333333333,0.8379446640316206,0.8600405679513184,0.9795094626076486,0.7884615384615384,0.8367346938775511,0.8118811881188119,0.9586995479712199,0.8452380952380952,0.8352941176470589,0.8402366863905325,0.9722131083509102,0.96484375,0.9686274509803922,0.9667318982387475,0.9977397599145901
clusters-4-v2.csv,RF_leaf5_depth5,test,0.8634259259259259,0.8659615468017108,0.866743097076295,0.8638483110447795,0.9761944095415691,0.8240740740740741,0.8317757009345794,0.827906976744186,0.9698346513299785,0.8571428571428571,0.7304347826086957,0.7887323943661971,0.9555342202715676,0.8114754098360656,0.9428571428571428,0.8722466960352423,0.9803116353575069,0.9711538461538461,0.9619047619047619,0.9665071770334929,0.999097131207223
clusters-4-v2.csv,"MLP(5,)",train,0.8591269841269841,0.857517548810434,0.8583366943615391,0.857842700268772,0.9672181631322239,0.8470588235294118,0.8537549407114624,0.8503937007874016,0.9718084967149176,0.7892561983471075,0.7795918367346939,0.784394250513347,0.9420814721694707,0.8433734939759037,0.8235294117647058,0.8333333333333334,0.958513657787152,0.950381679389313,0.9764705882352941,0.9632495164410058,0.9964690258573549
clusters-4-v2.csv,"MLP(5,)",test,0.8680555555555556,0.86957808029105,0.8718590971536928,0.8674114331723027,0.9782936877252156,0.8050847457627118,0.8878504672897196,0.8444444444444444,0.9766211358734722,0.8804347826086957,0.7043478260869566,0.782608695652174,0.9582224660540393,0.8558558558558559,0.9047619047619048,0.8796296296296297,0.9790301441677589,0.9369369369369369,0.9904761904761905,0.9629629629629629,0.9993010048055919
clusters-4-v2.csv,"MLP(5, 5)",train,0.8621031746031746,0.8608512264800298,0.8612301046900974,0.8609487558077057,0.9675117873650962,0.86,0.849802371541502,0.8548707753479126,0.9721226081721331,0.7983193277310925,0.7755102040816326,0.7867494824016563,0.9436970069810362,0.8314176245210728,0.8509803921568627,0.8410852713178295,0.9581751425669869,0.9536679536679536,0.9686274509803922,0.9610894941634242,0.9960523917402286
clusters-4-v2.csv,"MLP(5, 5)",test,0.8611111111111112,0.8632298188553831,0.8648497513593003,0.8606673921168269,0.9772605181645224,0.8070175438596491,0.8598130841121495,0.832579185520362,0.9743493889288282,0.8804347826086957,0.7043478260869566,0.782608695652174,0.9577012755451927,0.8205128205128205,0.9142857142857143,0.8648648648648649,0.9777486529780107,0.944954128440367,0.9809523809523809,0.9626168224299065,0.9992427552060579
clusters-4-v2.csv,"MLP(5, 5, 5)",train,0.8561507936507936,0.8570204670069956,0.8556291291220046,0.855829678306318,0.9659952448251592,0.875,0.8300395256916996,0.8519269776876268,0.9703217024840981,0.75,0.8081632653061225,0.7779960707269156,0.9429106373873272,0.8495934959349594,0.8196078431372549,0.8343313373253493,0.9542900294247845,0.9534883720930233,0.9647058823529412,0.9590643274853801,0.9964586100044268
clusters-4-v2.csv,"MLP(5, 5, 5)",test,0.8518518518518519,0.8548879987087694,0.8552524138464813,0.8524812147798696,0.976839320541991,0.8240740740740741,0.8317757009345794,0.827906976744186,0.9749820273184759,0.845360824742268,0.7130434782608696,0.7735849056603774,0.9560828418598272,0.7786885245901639,0.9047619047619048,0.8370044052863436,0.9769331585845348,0.9714285714285714,0.9714285714285714,0.9714285714285714,0.999359254405126
clusters-4-v2.csv,"MLP(10,)",train,0.8630952380952381,0.862080059803002,0.8623950766077182,0.8621712372017285,0.9674629486340937,0.8658536585365854,0.841897233201581,0.8537074148296593,0.9718451430515929,0.7926829268292683,0.7959183673469388,0.7942973523421588,0.9440447214272342,0.8359375,0.8392156862745098,0.837573385518591,0.9573002109210217,0.9538461538461539,0.9725490196078431,0.9631067961165048,0.9966617191365258
clusters-4-v2.csv,"MLP(10,)",test,0.8611111111111112,0.8634411516806129,0.8646872158046477,0.8610094384255076,0.9785384715600701,0.8198198198198198,0.8504672897196262,0.8348623853211009,0.9755571531272467,0.8723404255319149,0.7130434782608696,0.784688995215311,0.959566588945275,0.8083333333333333,0.9238095238095239,0.8622222222222222,0.9797291393621669,0.9532710280373832,0.9714285714285714,0.9622641509433962,0.9993010048055919
