amount,time,feature1,feature2,is_fraud
54.96714153011233,1419.8066309758005,-0.6751782749743815,-1.907807557877391,0
48.61735698828815,1277.3901048738308,-0.14451867071551783,-0.8603850107795019,0
56.47688538100692,1017.8891109760523,-0.7924199209999613,-0.41360553342164424,0
65.23029856408026,805.9189666883278,-0.3079615296390403,1.8876876573401904,0
47.658466252766644,1209.466994084077,-1.8936146669537857,0.5565531245337582,0
47.6586304305082,1118.045615626525,0.21329370737293857,-1.3354815690998914,0
65.79212815507391,1268.5579660083197,0.0012054753622242368,0.486036289417637,0
57.67434729152909,1190.5515405045908,-0.8170886310681906,-1.5473039889383655,0
45.30525614065048,1314.8658145958007,0.6592456684324051,1.0826910538870733,0
55.42560043585965,839.4294365318297,0.9375701376265584,-0.4711246518178786,0
45.365823071875376,1395.2182196902977,-1.6075598643689741,-0.09363618873917084,0
45.34270246429743,1059.2798814077198,-0.7627247785662142,1.32579664754219,0
52.41962271566034,1622.5782617875798,-0.7691423497872982,-1.28716356858425,0
30.86719755342202,793.2436545731297,-0.9399031011088647,-1.3971181851129912,0
32.75082167486967,1520.7891409495749,0.8294748419317485,-0.5835993263460049,0
44.37712470759027,1059.3732350387943,-0.19382613877280352,1.0383788510193166,0
39.87168879665576,804.5745989156655,-0.26451484131061076,-1.5193460754768424,0
53.142473325952736,854.8342497837035,-2.0038623644067535,-2.832155598110569,0
40.91975924478789,903.8958075417039,0.6354180302092264,-0.4511588584089988,0
35.87696298664709,1127.2497839205748,-1.2392583948534726,0.5517407999109204,0
64.65648768921554,1156.85064641065,0.05993263026632825,1.2002617497388293,0
47.74223699513465,827.8899988184263,0.2773769379581917,-0.463161362085399,0
50.67528204687924,992.6936223217051,1.360658595838651,-0.41142660711600243,0
35.75251813786544,1642.681107583559,-1.308820399119112,1.1539007342557472,0
44.556172754748175,1518.2629510302136,-3.0195121558208253,-1.8697416996954206,0
51.10922589709866,1130.8971009022096,0.18384954475369486,-0.38852077518300926,0
38.490064225776976,1011.4010434504601,1.8005111815108537,0.19042388992505774,0
53.75698018345672,1036.0093980154784,1.2389463529394373,0.44921872128503426,0
43.99361310081195,1184.055391819125,0.20965941527462578,-0.5098066931908826,0
47.083062502067236,693.1622304404783,-0.49163618563204736,0.03444101170584135,0
43.98293387770603,922.7870387729964,0.8071225966373103,-2.4883273534129895,0
68.52278184508938,499.42477783672314,-0.9735461997044687,-0.6582484123338483,0
49.86502775262066,1119.7669367815838,0.47635776935621926,0.4535087125544674,0
39.422890710440996,1194.1587819108222,0.5054701591666269,-0.9822940342546795,0
58.225449121031886,855.0440613101878,1.0602099074988798,0.058984221589597374,0
37.791563500289776,1472.1960289870099,2.7596600389110777,0.446872500802698,0
52.08863595004755,632.2703010992976,0.39241596717876703,-0.34254920085776497,0
30.403298761202244,560.687535937054,-0.5089636257074988,0.1704637709965709,0
36.71813951101569,1067.3355455679916,-0.025574312191994436,-0.9627325652846123,0
51.96861235869123,1314.1294907836464,-1.7690759048891183,-0.20661127969604665,0
57.38466579995411,1505.1783074373607,-0.6947131310890582,0.6102161695892225,0
51.7136828118997,862.3347211393179,-0.409282438113104,0.15697296096843422,0
48.843517176117594,1323.6042500293888,-0.5240883979345925,-0.5865312695639355,0
46.98896304410711,988.4474591497878,0.152354872033722,0.224216404290793,0
35.214780096325725,948.2118100177541,-0.8224199323822006,0.714609790636618,0
42.801557916052914,1265.0979812460018,1.1210306673244714,-2.049941278577478,0
45.393612290402125,1195.696863524026,0.00020706491819709385,1.1590740649558977,0
60.57122226218915,527.0823529047252,-0.009300321138614417,-0.336254738681072,0
53.43618289568462,1442.9621049177688,-0.32789471651291785,0.42548993324023027,0
32.36959844637266,1414.0274062442354,0.15519068385897913,1.197246923645228,0
53.24083969394795,812.3311895471412,0.8250982646676347,-1.371673697230466,0
46.149177195836835,1118.7410600312228,-0.8671302157109003,-0.7094410024275466,0
43.23077999694041,1148.2090558848217,-0.6581164890752567,-0.2885486958757048,0
56.11676288840868,1078.2021297471722,-0.30372602877666466,-0.7837535211244283,0
60.30999522495951,834.908453846374,-1.345870923473215,1.7349365758368085,0
59.31280119116199,798.5129896185845,-0.8192578597214978,-0.8567720938267928,0
41.607824767773614,992.3337787025664,-0.47622087354465903,-0.5555467794868666,0
46.907876241487855,1351.8187057778093,0.8743891807127275,0.20438903160297678,0
53.31263431403564,1163.0800463783298,0.26256132900192497,-1.2021495260760888,0
59.75545127122359,888.8157003741683,0.19358991136754436,-0.39568071175626385,0
45.2082576215471,1231.5096131945033,0.8508979621679722,0.31745326125017514,0
48.14341023336183,145.43721381097737,-0.13737178839939665,-0.33286040438251124,0
38.93665025993972,1344.629710111631,0.3904648499288896,-0.09338685889994829,0
38.037933759193294,478.08586636657014,-0.10322175293249623,-0.5293321124483709,0
58.125258223941984,891.2677175790603,0.26536234939962844,-1.514470309180767,0
63.56240028570823,664.0990316121569,-0.5827586576115821,0.32159321133923857,0
49.27989878419666,611.5955572837283,-2.438817158276429,1.7549330716472415,0
60.03532897892024,1348.248036213556,-0.13427916218630415,0.01840163078343813,0
53.61636025047634,859.6896396064326,1.42274813609994,0.22526411724754952,0
43.54880245394876,1103.9511645192147,0.9262154022415924,0.6927227551168594,0
53.61395605508414,985.9238263362448,0.9653974845911707,-1.2693304965466992,0
65.38036566465969,1143.1122481669365,1.2361307218062179,1.7025146581296056,0
49.64173960890049,1023.0465673180767,0.08865759096143744,0.20232879642280202,0
65.64643655814007,615.1023327434291,0.1973157074055956,1.631856899089109,0
23.802548959102555,1298.880045834142,-0.6176518954343502,-0.7330329955239894,0
58.21902504375224,851.8730250516062,-0.31607285602704976,1.8180619225578247,0
50.870470682381715,533.0254304020747,0.6157711497711416,0.7751554940347831,0
47.009926495341325,871.5654517102263,1.2038844371688162,0.5530400858523584,0
50.91760776535502,1450.2279371902932,-0.13944627568099954,0.23402445435314795,0
30.124310853991073,1255.066522634048,-0.4501892648514116,-0.24852861807444937,0
47.80328112162488,895.4043596776422,0.0005279588565972928,1.2005316584738726,0
53.57112571511746,895.2226887044714,0.6012067489291149,0.14035986984804696,0
64.77894044741517,903.5094846347852,-1.4438548161335418,-1.9670697035871523,0
44.81729781726352,1623.0243950682523,-2.296180953137238,-1.1171864617070024,0
41.91506397106812,1114.5806356694661,-0.5505368494915835,-0.1858457521927473,0
44.982429564154636,1129.0124941573208,-1.2207124259141586,0.3099989831655551,0
59.15402117702074,1309.0850362095525,-0.5081401976473109,-0.05658848889989584,0
53.287511096596845,1071.636747707954,-0.14778031881747153,1.2189707897936632,0
44.70239796232961,922.2873562537891,-0.4532484090230134,-1.9511018640386248,0
55.13267433113356,941.0950452745066,1.4524675344707454,0.1435879365051602,0
50.9707754934804,978.5196221757808,0.32674476460232005,-1.8179792253871547,0
59.68644990532889,988.8333290470475,0.30047435961082836,0.7597122954841684,0
42.979469061226474,1218.2888630910938,0.6222071440434019,-0.09445871444200275,0
46.723378534022316,1015.5837657421898,-1.1388331177807691,0.41960997202411815,0
46.078918468678424,1219.7920231646738,1.0391117874202687,-0.8638829605897661,0
35.364850518678814,975.7850259674253,-0.07576428653545988,1.279464931657751,0
52.96120277064576,1023.5905570948272,0.6704806172412126,1.0417246640588513,0
52.610552721798896,400.53979464036775,-1.0718572330401555,0.5835443030118876,0
50.05113456642461,1274.8983024107445,-1.5537587660160643,-0.12951724686344077,0
47.65412866624853,1103.9465427693979,0.8178896580250287,0.5798572852951321,0
35.84629257949586,1299.4030329578957,0.3764095260975166,-0.7068925679873489,0
45.79354677234641,131.12338654189318,-0.9020515543575104,0.8555556590207121,0
46.572854834732304,1626.5124114342184,-0.8696630812746944,1.649480894323921,0
41.97722730778381,958.1231115534479,1.1254347844147694,1.0706105599791862,0
48.387142883339905,1332.4548450212549,-1.1894118928673278,-0.7296024698074095,0
54.040508568145384,688.0282218623407,1.6426729532559634,0.3614173172731029,0
68.8618590121053,1183.8321715187708,-0.9006207346478687,-1.2931415437586478,0
51.74577812831839,683.9753310479032,0.638391925608383,0.5723903111756757,0
52.57550390722764,812.8693117912585,-0.3286184757489846,0.45060341286253885,0
49.25554084233833,1574.209406160036,0.6031874310823431,-1.869816339532164,0
30.812287847009586,942.795279770996,-0.5441140021141926,-1.1617838439123638,0
49.73486124550783,1065.229861953917,-0.1627929060722942,-0.28313889674376713,0
50.60230209941027,1261.0203192066263,0.04091917539572113,-0.30085974714082625,0
74.63242112485287,1148.7045663917813,-1.0021874557814727,-1.2094769354188053,0
48.076390352188774,1045.125671543073,0.7408243454201259,0.38897872935218375,0
53.015473423336125,1109.4883007398676,-0.5132135664715852,0.2514736089405121,0
49.65288230294757,1721.0246755714825,-0.22859991534001858,-0.1942691319785193,0
38.31321962380468,982.7143608899244,-0.9943493746085122,-0.7557915001583629,0
61.42822814515021,1060.3297140144903,-2.5623336587953105,1.0487071264165635,0
57.519330326867745,1315.1963188022837,-0.19102776260016902,1.6554071130882952,0
57.910319470430466,1331.6577798873952,2.412615421612916,-0.4835614838465371,0
40.906125452052606,1356.1090916681142,0.7846042878980238,-0.6121669171548207,0
64.02794310936099,1191.6190666087555,-0.01926037973439464,0.4912076654119963,0
35.98148937207719,657.098526180855,-0.2628908292082677,-0.35802937974698623,0
55.868570938002705,1490.0294596903288,0.02246589281204638,-0.13939720066323416,0
71.90455625809979,656.0963820943937,0.54711911517521,0.7396531517246714,0
40.09463674869312,1090.79063957171,-1.1808128153088449,-1.9093560875072928,0
44.33702270397228,773.7172449941926,1.114321694668872,1.3183023248526693,0
50.99651365087641,980.7584960221022,0.7153813154412441,0.07268052432934134,0
44.96524345883801,1098.628723091044,0.7181857257079345,-0.4114931445621802,0
34.493365689338674,1096.407164635082,0.4384757388097273,-0.08923415422144892,0
50.68562974806027,1126.5762262705855,0.019616657693989903,-0.03757064497948127,0
39.37696286273895,1484.113380717594,0.6728612359668199,-1.7312013034449254,0
54.73592430635182,1136.060290454194,0.591814133741378,1.494938227453236,0
40.80575765766197,926.7530094128053,-0.3540407109410238,0.041325632270618466,0
65.4993440501754,1289.2261504865073,-0.573601772896901,0.4430021304473752,0
42.16746707663763,1356.841146677392,0.1018562952619867,0.9515497705740428,0
46.77938483794324,631.7176554589023,1.5490201514951873,-1.0211624575603002,0
58.135172173696695,1179.2200209549574,-1.2391070756539009,0.47347189903522846,0
37.69135683566045,1210.3518226932695,-1.46752526575244,-0.26764109089879357,0
52.27459934604129,910.7309489920024,0.16476084123651674,0.8467707752164937,0
63.07142754282428,1412.7120439934858,0.05088770185601806,-2.1272274203514954,0
33.92516765438772,954.983323890242,0.1733416643704082,-0.099094300241269,0
51.84633858532304,1037.6729360414627,0.24395319790850026,-0.6028206557839616,0
52.598827942484235,948.0784527148392,-0.22320225463480511,0.4322629506341555,0
57.8182287177731,1004.6737142744403,1.4898634386020821,0.47004418736820214,0
37.63049289121918,671.1174739314395,-1.6009039784765156,-0.7076258948220261,0
36.795433869157236,567.9847352217116,-0.828497024780246,-0.7121738641760436,0
55.21941565616898,1478.3515189674918,-0.10325476014904739,-0.11066536855732945,0
52.96984673233186,745.9115955045016,-1.6431888111541673,-0.8966422273152082,0
52.504928503458764,702.5822951631078,-0.17585440443207118,0.8419836954521269,0
53.46448209496975,353.9829659188856,1.6614701657280182,-0.36920720044744615,0
43.19975278421509,808.3114756931493,0.020886488295961788,-2.9069882193216414,0
52.322536971610035,603.0730619777505,0.23070090571868349,-0.3748220566218061,0
52.93072473298681,1492.6045480409107,-1.2601647651725802,-1.0385438208439723,0
42.85648581973632,1302.9451268027901,-0.6163614080394775,-1.6312758154609455,0
68.65774511144757,793.5548964466828,-0.375196380323937,-1.2374266382225725,0
54.73832920911788,1675.7307416032927,-0.31771509675623405,0.10940847183297006,0
38.08696502797351,1294.5296460974782,1.2816437950037687,1.3286408282482312,0
56.5655360863383,902.5505849474133,0.5576910607251245,0.31318447386498,0
40.253183297726785,250.1782855379281,-1.111457956937032,-0.6065033882157397,0
57.87084603742452,1687.2827717772225,0.24650477843200488,0.4559041951707027,0
61.58595579007404,583.1282599709211,0.49822174849678513,-0.45909031021899177,0
41.7931768164829,506.38037591293244,1.1401490385212665,-0.6946003691631446,0
59.63376129244322,1306.771129602892,1.5805406865683735,-1.1543626682329844,0
54.12780926936498,1731.9257219017818,-1.0150941918278686,-1.7518288067517191,0
58.2206015999449,1415.2818455531556,-0.8108575112103382,-0.3899237065594453,0
68.96792982653947,1169.1727360157079,-1.2575778589146163,0.15805348992013185,0
47.54611883997129,1178.4263024995857,-0.23401985910698136,-0.09662367001488972,0
42.4626383564251,1256.0246676340923,0.4663583744463345,-0.4159669279473586,0
41.10485570374477,1227.6785769360295,0.9873345165891019,-0.9457460606967811,0
41.841897150345616,1084.3574271908128,-0.07595102364252276,0.6082461916849685,0
49.228982905858956,1031.2603311855628,-0.31984752325484395,-1.317131919946585,0
53.41151974816644,981.2220616301432,0.15175799224874037,0.7760279138434754,0
52.766907993300194,773.8106233399972,-0.835142901630023,-1.0022170189267248,0
58.27183249036024,915.7974769399677,2.0895387216947734,-0.752435237353035,0
50.13001891877907,492.1129557413844,-1.6076610271180587,-1.466785190615677,0
64.53534077157317,970.498111961575,0.18474057889572446,-0.5014021468856367,0
47.35343166762044,703.4226678547248,2.0236062192296393,0.9753124584779789,0
77.20169166589619,668.9232048352687,0.006799844559997769,0.5156280884439565,0
56.25667347765006,1053.9682453460434,-0.19003903500149447,0.9784221120280351,0
41.42842443583717,1417.6006859033798,-0.3574454228104272,0.5221425459339358,0
39.29107501938888,1275.494981800694,-0.18039168176240783,-1.1036698285303692,0
54.824724152431855,528.8498189130469,1.3728484746765302,-0.33078922432755736,0
47.76537214674149,703.1115590288987,-2.211861911329507,-0.7801991291174627,0
57.14000494092092,1282.231356396465,1.5334337012963255,1.3305749040390402,0
54.73237624573545,705.2537819385071,-1.423957152450145,-1.1967886464263116,0
49.271710873431275,932.6100550008927,-0.2666523292344148,0.8936976893891109,0
41.532062819315954,1165.0156297073656,-0.42924442029866183,0.8929538701087693,0
34.851527753141355,709.4966635409094,0.5885532697707198,1.8296202017160872,0
45.53485047932979,1031.612651843788,-1.5981243518837476,-0.40968659262949736,0
58.56398794323472,599.7923515245386,0.46217266608194285,0.7123221595801621,0
52.14093744130204,819.5897068146359,2.0243096232868525,2.2816518365388427,0
37.542612212880115,1095.934580242761,-1.3631740045928105,-0.6176416769336966,0
51.73180925851182,522.1018799404992,0.18970616761039566,-1.5350402475323597,0
53.85317379728837,1132.1424213881196,-0.6619821777966091,-1.8800100339077637,0
41.16142563798867,994.1086603219957,0.42588720619303577,0.7127120288613313,0
51.53725105945528,1165.7469863251442,0.01914777741575206,-1.8831502080585838,0
50.58208718446,1067.1742402193984,-0.6414869090443096,-0.37231905293792283,0
38.57029702169377,1409.2421289921533,0.487872284871074,0.4373131870389607,0
53.577873603482836,1037.5673507943723,1.804348109786743,0.18517553682991406,0
55.60784526368234,871.1783376624242,-0.19090379172729868,0.42544486418417227,0
60.830512431752766,1036.6892509096851,0.7197579421481819,0.22228985580085406,0
60.53802052034903,1162.9894087109165,-1.2932729578711637,1.2788658133133932,0
36.22330632042909,1014.6580210977113,-0.9564363768180087,-0.952316380738797,0
40.62174960084877,1012.1775073611648,0.47240627788037737,-0.6769951384585313,0
55.1503526720866,789.4024936579734,1.484116028535965,-0.772659445270824,0
55.13785950912209,801.1297247347155,0.35561334878566,0.8301918118626102,0
55.150476863060476,579.2184184600919,-0.31305803052315434,0.9003985883950636,0
88.52731490654722,1524.873022956082,-0.0007085945766459172,0.4512253193185082,0
55.70890510693167,626.8410293826145,-1.2504077339697175,1.1834936668899279,0
61.35565640180599,792.1284406612278,0.6045153263553668,-1.1780408673763807,0
59.54001763493203,784.4778203292408,0.8823330623234091,1.667224111551137,0
56.51391251305798,1268.4773130833323,-0.45209033283308037,1.5232386217122582,0
46.84730755359654,911.5150965123917,-0.4700421477595015,0.7356219972457467,0
57.589692204932675,1374.32262180212,0.2658782296520485,1.78179890877106,0
42.27174785462428,797.9528127268395,-0.4367197360405955,-1.6566232076777738,0
47.63181393259991,1083.6982486671407,-0.06613261462582246,-0.5244481362626519,0
45.14636452170897,749.3958840220728,2.0997217891665154,-0.7353034606819523,0
50.81874139386323,1643.5447383320165,-0.24702570074599667,0.7214793237573432,0
73.14658566673509,643.7204742911462,-0.3583401520212222,-1.0501407396021456,0
31.32734807408252,1092.9462130681081,-0.6475418056351592,0.7574951493374855,0
56.86260190374514,1190.1330642796295,0.7441919714999368,1.3705361439967134,0
33.87284128810349,1124.1397292354495,-0.181224173218103,0.6952029000839993,0
45.280681342105666,944.4137023366875,-0.649373038321426,0.2837510236615011,0
60.889505969673664,961.0537900799721,1.321304032273012,-0.9878733409007492,0
50.64280019095463,1013.1434415937329,1.4196030045136372,-0.8468509661253646,0
39.22255222070694,955.8993995114535,-0.6004235657387051,1.2496189052966666,0
42.84696290740032,1289.1637350384729,-1.8665399513606162,0.7793490039053323,0
56.79597748934676,1663.1569004774055,1.0075136898369221,-0.03901951937754412,0
42.69633368282864,832.75246449765,-0.684629825760004,-0.41790954576589057,0
52.16458589581975,589.0591061262767,0.7906255991627686,-2.025807873111377,0
50.45571839903814,973.5153854946235,-1.9701038177118355,-1.0708524186844388,0
43.483996523941826,1773.9128012962956,0.8925973382993092,1.9114190871397234,0
71.43944089325325,758.8976296090807,-1.2111719292807812,-1.2804555710024668,0
56.33919022318011,1491.7350416332201,0.7307641190665245,0.18947982122108065,0
29.74857413342393,1503.3102442229322,0.014273067836434106,1.0074439731951985,0
51.86454314769428,833.9235274876016,-0.9539394193966448,-1.2549226680022925,0
43.38213535231612,1170.6949237555825,-0.4070363129267805,0.1847104747810833,0
58.52433334796224,1488.5189869385613,0.6863184569567008,0.937915537510655,0
42.07479261567299,886.2616777037539,0.10589445311523424,0.012499321907250335,0
48.85263558533101,938.9258919692915,0.5844129804724842,2.8684030556667683,0
55.049872789804574,825.4957258154069,1.9764405845154855,-1.6685992588781953,0
58.657551941701215,695.57298079214,-1.5642416117110514,1.0587285298838789,0
37.997035929442234,805.2167364801978,1.617212574968624,-0.17280173739646437,0
46.654987641590516,632.817919971323,0.10435593752321293,0.7719201548366751,0
45.25054688839044,1010.2250404777678,-0.8987840483231282,0.44130715169924584,0
43.46670767426288,769.0080306824075,-1.3303136257389898,-0.7331561971099966,0
67.65454240281096,1070.1357735372244,-0.1891203907770335,0.22899639245934025,0
54.049817109609556,533.2313061389118,0.9216501119244593,-1.8579014513982872,0
37.391160456649544,1099.264069664337,-0.12754912037753421,0.6032475005713938,0
59.17861947054776,1250.0586884826773,1.5111549302473475,0.29815846599052565,0
71.22156197012633,401.87930722856333,-1.4511756900515589,0.6386601686431024,0
60.32465260551147,1112.2169709542716,-0.01208894784605456,1.0581183250871502,0
34.80630034045987,1368.3006977419877,-1.252393444413119,0.3676198402097109,0
45.15765927133749,637.1076943926385,0.3636318826249679,0.1480894197982762,0
62.669111491866225,1501.771716051311,0.8868873900973003,-0.8810683366612923,0
42.92330534381219,1125.7057028098136,-0.42076179368105326,-0.712220763649051,0
54.43819428146229,788.4964432724773,-2.6042138566271342,1.186734620177331,0
57.74634053429337,983.2692767026882,0.19894814679649453,1.4363354057059785,0
40.730695284219166,1167.4980737565168,0.4367385517335095,-0.23811043631205406,0
49.404746439382,1022.8016174237234,0.40429475496169764,0.04600274725327412,0
17.58732659930927,1161.6267977339107,1.235782191822154,-0.9046143749937661,0
39.756123586657104,723.7979220761902,-1.0710536796490489,1.1727568452674448,0
47.4743184860684,1050.8082472108233,0.6802161054504494,0.6654168236917787,0
37.52216818035151,575.8856509285059,1.192507512477975,1.9412174364637491,0
66.32411303931636,966.6321815953899,-1.7785875840065168,-0.8783230771797389,0
35.69858622039367,728.8277075605631,0.31965182591897723,-0.3780078990182172,0
45.599555133030165,779.34101722307,-0.5041798310076715,0.2314459225255723,0
51.30740577286091,1370.8279525631312,-0.08152267310164589,0.6464895377257707,0
64.41273289066116,1327.3930361782807,0.34767648353833636,-0.21566763754763232,0
35.6413784882056,1182.7414362721531,-0.4872285641135523,-0.8729610904537004,0
61.63163752154959,672.3061705982263,-0.6757080791616118,0.8814075289235711,0
50.10233061019587,905.0774650915594,0.0341524174880246,0.7211353625455816,0
40.18491348952049,1363.929309993755,-1.0872459388628026,-0.9162741005637249,0
54.62103474263271,1042.5150740919714,-1.0858251288851855,1.3554428011054958,0
51.9905969557347,1695.7988619945081,0.6793732829565033,1.1701987091966037,0
43.99783122841205,1117.9953518183115,-1.148794035158656,0.13429649724779288,0
50.69802084990019,1057.6147349470095,0.6663125009092119,0.07959786237603639,0
46.1468640313824,907.2650607392496,0.4625912928539512,0.5540577711159071,0
51.13517345251248,1040.0622714346846,-1.7258067287905967,-0.8617030702562581,0
56.62130674521047,954.2590490858369,-0.6775646523356551,0.03003147916408217,0
65.86016816145352,1212.4326030065772,1.1941094030473725,-2.1523835446091804,0
37.62184501173151,1287.0106950383752,-0.9811655311396816,0.8764556455029355,0
71.33033374656267,764.2031618476151,-0.46440426230938764,-1.5614932224418594,0
30.479122004774982,600.6301139326665,0.4620608932518965,1.503419828428999,0
48.482149049644164,449.13838806901106,0.7833905092825955,-0.3301200939664503,0
55.883172064845766,1152.397398073763,-0.2515388860444957,-0.2116669819311769,0
52.809918677350325,668.9900181478379,-0.5975101946916416,-0.6277339060845056,0
43.77300480179406,354.1328221142552,1.4223698616985077,-0.2880388739220764,0
47.918777496427246,1116.5735813592892,1.7388996637975789,1.4185313451480366,0
45.06999065341167,1747.8998552298372,0.9788580507817954,-2.4878086565350794,0
44.106352430557884,998.178726538032,0.08531814256502405,1.2769653860881878,0
58.496020970210246,1251.5472323354925,-0.8082657216409264,0.33802348110170816,0
53.57015485965047,1024.5488075642695,-0.8304444065565653,-1.2070216478572156,0
43.070904047393455,970.3331040426572,0.5225141052657575,-1.0753123930492379,0
58.995998754332504,1275.7229448963305,0.4183982208886837,1.676393027208203,0
53.072995208766095,912.9176367434046,1.4015985929464294,-0.9455068799427312,0
58.1286211883896,1080.2176942215708,0.6504500925361392,-1.1533505105959594,0
56.29628841923612,1096.5093418588042,-1.503080301759818,1.1373145423647293,0
41.710049890779274,799.5728639070853,1.0519476177229186,0.33855287628591424,0
44.39818959803031,1297.612704860957,-0.9980606273144129,-0.9379255765363989,0
57.472936051232615,947.5120729913774,-0.3839712719523516,0.216624975404619,0
56.10370265433465,773.2764521521466,0.2502002062516945,-1.0257526836402773,0
49.79098406035852,1160.952953071121,1.9956674897839644,1.1008213984226052,0
51.17327383308782,730.4596054626888,3.109918556005361,1.0613709648731335,0
62.77664895788425,1008.4543472107384,0.6067230591361827,0.5320061988219431,0
44.0842861116417,997.264301006739,-0.18319661872038787,0.3616610612470166,0
55.470973811700375,1325.7686697494735,0.5345056484805503,1.7611881248673737,0
47.97807347566106,1142.4094698639858,0.8876554258738361,-0.0003136726117747121,0
47.8231879677278,992.4919123764569,-0.3206676255571917,-1.1818741254208012,0
60.9877685198719,1245.3298897600862,1.7952113559123222,0.44947391283230687,0
58.2541634898803,1417.0622647051941,0.23007075919140207,2.0860470495371137,0
58.135096360006386,1167.3430919055586,0.49774308909139425,-1.0147594931858521,0
63.05478807154329,1003.1057859530142,0.6659242520544614,-0.36146276669398575,0
50.21003841632759,606.449130294952,0.4215866106144557,0.41644603810145264,0
56.81952971294964,680.4659010773883,0.8389405004696122,-0.05390484900573916,0
46.89733243406544,908.4325886935997,-0.6172531865469232,-0.9823035803773146,0
53.24166352488442,817.146339352215,-0.5583017539460305,1.1218578562304709,0
48.698569456323156,943.9086091043662,-1.100154232971695,2.3200407220172594,0
50.96995964992718,1016.9949774691321,0.4395012306202264,0.19613145902390733,0
55.95157025436914,1158.9078263070191,0.7789365035121141,-0.9040682897360003,0
41.81779316766527,978.8503665822726,0.4577728661518858,-1.548960525053475,0
70.9238727568546,1145.9504931478605,1.6744924333475373,0.2579759812211809,0
39.93982618500298,1019.3423244430361,-0.005596018829046555,1.1038773433162576,0
37.85811387212268,407.36003009383865,0.6687416555925126,0.4751677464953816,0
61.581108735000676,718.1993818543738,-1.0917008761393143,-0.002403840918853844,0
57.91662693962936,956.7737332835154,-0.387099702474401,-0.5892716517893062,0
56.24119817052155,637.0915771476677,0.6955377575657775,-1.0921636327180897,0
56.2834550926428,1179.9786189988613,0.849102110743144,0.8347513263248821,0
49.87753227153085,1459.2252497031093,-0.29396694766418224,0.9137716213855857,0
41.02745628514168,1365.628555509195,-0.07159925185806683,-1.5457297866907331,0
50.75804558193726,935.9671387209376,-1.5178737466808094,1.5898389781806839,0
43.22838288487888,1447.2178410549857,-0.3570292008066094,0.5740712208940013,0
59.75119733417751,1044.6002371606335,0.8903831635197862,1.3995946451457935,0
48.52942618497861,898.8742086645882,0.5752050161065663,-1.342127748485115,0
41.745028032074885,815.9792009377181,0.5006657213812097,-1.365824155415439,0
46.78614158347007,909.2590940535615,0.04977368718096008,-0.14896930976729691,0
54.12931454275624,883.5469544376314,0.007063158628176452,0.5027844268951942,0
44.36275447196025,1051.1248667126463,-0.6603211394734471,1.7963608229269636,0
41.77779604433569,1048.1721943149594,0.6988284202025348,0.7060789138151315,0
52.436872114919126,1000.9138060460243,0.4209729443893898,-0.24268127681203333,0
52.44966571108723,1131.0814509239049,0.49201884799279927,-1.0263692076658921,0
44.9305682462887,1357.1938824359024,-0.5260348426675804,1.23000057271915,0
45.289616943816775,1284.8662406323972,-2.1533429198712444,-0.9647054257507148,0
52.32049937357636,554.5306094650289,1.0971527117536957,1.6284685547723217,0
35.51915658502676,233.8236595294136,-0.47883745600840416,-0.28438464960650933,0
35.92536225623445,1280.295973371782,-0.8627757640431206,1.5905820726178503,0
42.81555778747564,589.9363904753736,0.6934789119139937,0.6789312900592783,0
47.86552848288153,932.570379432195,-0.3920126399191296,-0.13699548944245826,0
53.10907565598005,648.9660921821921,1.0599363840466218,-0.5193963718261266,0
64.75356216949552,459.4058687259941,0.6170059495766975,-0.3409078773460798,0
58.576596232020194,1162.4388184614363,0.6835693232004776,0.4283166923752375,0
48.40061470036573,1227.746548090794,-1.3659557112005343,0.07715649621771674,0
49.80983792097311,827.0468797819842,1.2119439853864005,-0.5938114080687051,0
39.97470635362191,222.68731235652706,0.26125053123385605,-0.16563141031763223,0
49.8148686400761,836.1266655242551,-0.36927713924620315,0.0785770297191498,0
47.11341361079862,1117.541201620764,0.14338846734225108,-2.128734094414812,0
53.227185603380896,556.3265293677614,-1.77623523289832,0.4581681147886987,0
41.727690564476774,1055.0079759337466,0.40865281148067084,-0.9797212247168068,0
55.193465142411725,995.4070452481013,-1.0293715081820716,-1.153332403205745,0
65.32738913002578,1173.7874498803264,-1.3526702858435344,-1.6873443471107104,0
48.91239851543143,1035.874110524246,-1.5223591862178911,-1.7938924978678903,0
54.01711722098941,708.0793177355333,1.1126883749899252,-1.3554475031122892,0
56.90143991711113,1358.9714504993474,-0.6292633936927887,-0.7090209576304904,0
45.987795281141636,952.441128091909,1.5337277099164992,1.9532591375265682,0
52.24092481810417,991.8086381470205,-0.5358014630522978,-0.5258796758952039,0
50.12592400781795,720.0196122780412,-1.7073579575929467,0.17775010626803134,0
50.97676098548832,867.015324642547,-1.1165244399486591,0.4004813865063287,0
42.26990216144534,734.5591857919297,1.2358116200069387,0.13106518621584873,0
50.245101742589426,948.1161820229731,-0.15589817793666752,-0.07744346072599365,0
54.979982912454496,1513.512544042703,-0.5482872964906009,-1.1952937635992447,0
64.51143607795042,588.4296571205931,0.1600182258527877,1.4509275482792119,0
59.59270826085207,515.9315806369777,0.501782736167545,1.8071966436378852,0
71.53182457511556,1441.3510982480825,1.1173988159024608,-1.6826586941226858,0
42.326524371119504,937.2028968544402,1.4484992298929262,-1.0240285908863795,0
58.723206367206785,799.278178402025,-0.35976864578908574,-0.2798103423770061,0
51.83342005738352,1311.971406218823,-1.3260476860820383,-0.9645377949101913,0
71.89802933217672,818.3153380789407,-0.413465161123276,0.5059655534558652,0
41.91701714644849,1547.8029140640808,0.26028050658288615,-0.7282722024066131,0
41.602781578192236,1203.3777614017808,-0.9637589262106109,2.1650560678066024,0
44.00607354555978,853.6265775562892,-0.9571509148950429,1.190548594343596,0
28.76104275690193,1647.1924639796512,0.34378788154988543,0.2125740306322149,0
44.74244978319239,818.2855230989985,-0.04865235157045115,1.0269862633197322,0
42.40867338446302,1222.628611602792,0.03279699541158651,1.105900424357309,0
51.50393786476208,1089.7877741219477,-0.7584953347000695,-0.5639474880582432,0
53.41755975777159,1390.5223868196395,-0.23040071420576733,-0.8162172445419648,0
68.76170839215887,1468.4533590180558,-0.9242331442683044,0.07814306296964744,0
59.5042383818605,1009.60124471973,0.8901984111247868,0.861636124497944,0
44.23096344337597,773.9746388961449,1.0352493347237526,0.13906039865341766,0
41.01585328651642,1137.9916428817348,-1.8461878622380938,-1.5769964821909972,0
54.919191715065054,796.6853890743682,-0.92951086019241,-0.8028244439508423,0
36.797667929793576,1604.016174257987,-1.496529255090079,-0.07397286359437803,0
68.31458765854353,1040.9605993248213,-0.6500239344068982,-0.07566560432583026,0
61.79440120721287,890.4035346063674,-0.08343796979036086,1.9725421767898081,0
45.30824347895295,1055.4040917594725,-1.44964521969853,-1.385987942398998,0
32.868654709091224,595.8621131410911,-0.9218598131253132,0.5055892418358746,0
63.538723741654124,708.5157884468045,-1.0039573720814985,1.4891131083282896,0
48.85460154747382,1360.1241723833277,0.20726732939894396,2.271449745422796,0
62.378163119734616,802.9317163085813,0.06934433703625043,-0.40439742318396127,0
34.05572341205633,685.9267051954181,-0.7217375533372533,0.4914294527201998,0
44.00624977046227,1160.995825758186,0.17682087213939798,0.5697603571986469,0
50.05243699718183,1355.7112463988992,-0.5466800845872654,0.19548173155329082,0
50.46980593764742,1215.68599319952,-0.2716551103260533,-0.09884520123930605,0
45.49934528520756,1298.8143057417449,1.673452090298537,0.4359753895000459,0
56.228499323474985,772.9614734291617,1.340461051790348,-2.5322460852196853,0
39.32379570617405,573.4567999774468,-1.2995812369275976,0.6820694900626313,0
48.576205149787064,1450.400095586646,0.8297324178791745,0.12617790366196718,0
51.20295631711899,903.1960483473592,0.8113965544915921,-0.22247489677826537,0
55.14438834058749,924.7500950634858,-1.1482632887526183,2.046862195719558,0
57.1161487808889,1398.4582425547173,0.8187776437548606,-0.6749340187905523,0
38.75357908162131,1166.869002820198,1.5379319184125528,-0.4030759890650308,0
34.65885829264378,1136.7663316244823,-1.1225448062444139,1.991553302204734,0
62.77676821898509,1649.5007034703253,-0.9175028210142636,-0.8320613048498566,0
53.323140119795916,806.9445308859571,1.0176614668435024,-0.5501152829365389,0
42.51513463443446,1278.3520384243711,0.271495310825648,-0.14702542343084998,0
65.51151975522524,1017.1039374691253,0.5514762752395233,0.8407344821295493,0
51.156746342928585,1080.577683658977,0.3405892164004968,0.2078025073533134,0
61.792971840638266,1458.5405279237596,0.39069592092814415,-1.2926253471522626,0
50.67518481410109,1152.350726886887,-1.326472128311083,-0.5321685631271895,0
70.60747924881987,1161.4888237148898,1.0473177066214483,-0.6073544332122114,0
67.55340842443204,1321.7522011929407,1.1695899924277735,-0.07722104522304557,0
47.51035851520926,890.5141811371344,-0.22939074406802776,0.4258436586298291,0
59.71570950954356,748.2370997982981,-0.04347694981386243,0.4182057558879721,0
56.45375949585147,686.5572417936899,-1.5311075025557221,-1.7760117540484022,0
63.68631557532349,410.0930231871995,0.5142547560178349,1.063940987560856,0
40.35076539419896,1616.8621389820967,0.5720574417141441,0.2525688459966235,0
56.86051459998439,669.0374902834951,-0.062191016999311004,1.3845320475939062,0
60.58424486849588,933.6239129242684,1.1243533598705027,0.4441983272906719,0
32.41260513576886,916.9560100333238,-0.3340772309799405,1.1013229577357622,0
38.16741487334225,1092.2220093427302,0.5646059258936003,0.46654531145012695,0
29.607678222398995,1244.721163761789,-1.0196643386921156,1.3462257562027482,0
47.305931655554424,1258.1420465079236,-0.02355215087423812,0.5222506360177785,0
57.17542255795962,825.0767684293185,-0.17435425790283585,-0.09791524644290406,0
65.02357052096028,949.8634858640766,0.22530792204094158,2.2724347204468818,0
50.74094780419775,1084.7739851464898,-0.3695269288333586,0.8890371222798921,0
66.28615545571292,925.3926621449359,-0.1314725956716678,0.5737444210044131,0
36.198985417851084,1482.2036728059977,0.8260471714415063,-1.276304416538336,0
32.96617560644845,1147.2924854914754,-0.43676423723821745,-1.2883076174635377,0
49.44452301103381,1220.4633358149451,-1.6065771007386793,0.2927154821418534,0
53.840654489393074,1198.8643806002237,1.7495839042054206,0.1455211977682408,0
49.67305251905907,1352.0421572455975,1.3814540786904865,-0.6141225650083162,0
29.325578999601234,1054.306467611112,-1.2922626951056186,0.14098269961206,0
49.10879960487212,610.950415613246,0.6897078052451944,1.5886269280435958,0
36.95530499495147,1119.9063855257925,-0.5029747705513431,0.6954024745502987,0
56.69672548830039,804.5929318624512,0.26348721533105957,-1.1410085097527383,0
53.66598246096848,841.4149954750729,0.2942241290134937,-0.1115088271429437,0
40.60120213672645,1175.909205626528,-0.234407800316322,-0.8049664808525608,0
44.861330826633065,1371.4849214300907,-0.7837656655863965,-0.38769991640856116,0
39.40786478111048,1006.3814730208185,-0.6905410523162594,-0.41361566562964275,0
49.37320902726828,1092.649903779689,-0.9161919154812425,-0.4776455826040052,0
59.551423205012384,1510.6644833905714,-0.8318222082304447,-1.2551353719733949,0
40.14273953664456,1072.2259538465705,-0.06717829004935526,-0.12765468151819012,0
55.040465155178445,1780.5049342541183,-0.7157599891107518,-0.56060763684731,0
44.69742381627559,1169.6528936894633,0.6820520657126199,-2.929448690002268,0
42.07127167737656,471.7711722532547,1.4872461553359273,2.052972024501663,0
48.929696400454425,1226.0024863313597,-0.580053241370043,1.088769654216672,0
39.64757677580626,1114.3475154648334,0.23940450053537707,-0.37630072492499606,0
44.46350694652818,1386.9258262248236,0.49968511030293383,0.018819049740598424,0
38.021221074111516,1201.9544053809875,0.4720022709192744,-1.1716543473175618,0
69.6472513291639,958.4632048048678,0.07595526791608741,1.6957228778108653,0
50.35263551971729,632.7105291131902,0.7426824183597224,1.8972886947731116,0
43.00274492007414,937.2930228141925,0.4822489526806572,0.1566937282465246,0
52.13979910734222,744.84386373721,-1.2376624223272978,1.0235306441853447,0
48.8767195030917,825.8429650585832,0.8691560643892732,0.17528677893392386,0
47.79030400466777,1176.5735213261828,0.8872908372667421,-1.3367254388759306,0
56.14166700043425,1500.9713513054219,-0.7632861041785816,-0.4118233689636573,0
57.57507710047305,1118.4014589468943,0.03793783544760203,0.13192796677195706,0
44.69498852389472,641.2350813894448,0.6833289928110694,-0.4545477187434442,0
44.2418175935532,1133.3808004660423,-0.20931381957936157,-0.218653277435036,0
47.24948302848356,1358.9894459936954,1.0729780477660118,-0.09139955750911445,0
26.98078835264415,817.0651287041853,2.3638724946193608,-0.08087849786546131,0
34.84808937801448,959.7948499981247,-0.7859860326349823,0.05225849049748321,0
63.66874267444525,1004.4064584187591,-1.3810446031537749,-1.060605066396601,0
66.44967713501283,764.530506075328,0.30381859560487573,-0.7170161491279362,0
47.50963960443622,1194.4841301531578,0.7215625051261435,-1.2845842656999693,0
55.765569630557664,963.7155554176655,-0.23086637384476896,0.9778155496862003,0
53.112501545435364,1125.8597331721082,1.4532606633210343,-2.1056469418403245,0
80.78880808455239,733.75234665937,-1.3386057997232488,1.1535903433169254,0
61.195749114345766,868.7625099029768,0.6929186230316111,1.3863493972628433,0
48.72082408519233,1216.7144073483314,-0.6058608207588934,-0.3021805869826214,0
40.44459559399574,888.1500543724699,1.7193779062072967,-2.6031370878272986,0
33.93553679742428,1518.0891553700217,1.9925153531681183,-0.3613105619672905,0
52.03463635867223,880.1091443156192,-0.7666565877833479,-0.06418416128881928,0
42.436492547156966,1067.4054177255657,-0.5495571359085801,-1.0105982199289134,0
35.77746290402326,1279.777249561927,0.8595878869798019,-0.5152183938082427,0
43.534271157574736,574.4902801200906,-0.3871306497895146,1.5301951988633513,0
39.18451996385605,471.75735640576727,-0.04541121793223822,0.664927162301741,0
66.87141635072564,542.3031056289716,0.02538842054241018,-0.9245641143780999,0
58.816397569494505,1378.7752310281546,-1.9196731561976563,-1.5975991695954321,0
49.92027358683383,834.442556232266,-0.01383774609423725,-0.3270173176097711,0
64.79944138890026,1767.4597857004755,-0.6897277740641738,-0.21345677935043825,0
50.77368307647618,830.7257204027834,-0.493122822399772,0.4961991873633163,0
41.38715798671736,1055.365390959111,1.4436320034688142,-0.535316712567659,0
65.23124077269657,1462.6329857703627,-1.2565068942792563,0.5114995753618614,0
55.38910043684659,1601.8278664477368,0.8132051867479773,1.9351540400602292,0
39.62753845673544,1618.4510729909193,-0.2789629303318085,0.8155010224442626,0
48.09661321916392,1362.5098691779426,-0.2797601684958344,-0.048088507330772585,0
41.24381746615243,1307.2187577434388,0.7903718960517113,-0.18315047105329468,0
36.172002690356635,1177.758084760355,0.34005129456889044,-0.35667313417987123,0
59.26177547531641,1233.5083228499914,0.570612997219531,1.1806409124521446,0
69.0941664047013,834.64428510144,0.9681846605328611,-0.6273134459513029,0
36.01432426180859,754.5403349733078,-0.33130838318332273,0.04522270899998256,0
55.62969236690571,998.9876627767144,-0.6122367345077503,0.05119790188108534,0
43.49357430878173,948.9446132425214,-1.085150526557798,-0.501784192811532,0
45.12874616235304,864.0315852018175,-0.8254105299789551,-1.3724655478841008,0
44.07606075761131,1208.9162342370146,2.9490944253087252,0.32297450361766816,0
41.36009230320184,1286.5915625711532,1.2446795807367868,-0.06100397185538355,0
50.48521627944827,1026.5220658875542,-1.3510743662080213,0.5002404694365699,0
41.69049883588962,1443.2590243165787,-1.3224579567435701,-0.5336003064391669,0
52.704568257798385,657.4932657599485,0.4818660617184915,1.2208212988130478,0
49.49761890550863,941.9021622160845,0.547264797377967,-0.8767737812118448,0
47.6105195313359,784.9533038191585,0.5488838353173644,1.7120402840178925,0
40.92436337958402,440.03901487808196,-0.25495579355369785,-1.7476365098282616,0
44.23228669431667,975.1957942471902,-0.12545426000290022,0.43477006455689116,0
57.55391225825756,963.475747485015,0.3278795241593574,0.47543068252662346,0
55.009171876243805,1454.0349229726394,0.08589300629333041,-0.7955570679408823,0
40.22444755201449,1189.2435053664333,-2.219300372747535,0.4243939378610126,0
50.99332305429226,692.7439527012385,-0.22979963057519381,1.2795186697601588,0
57.51387123371789,1556.2277699002566,-0.8514064342603136,-2.2168188393540644,0
33.305947188786284,1366.310108657606,0.17521141890851205,0.5027448074908146,0
55.43360192379935,1174.6293110405848,2.98525900260341,-2.4932708203300775,0
43.37376241054153,932.0547703450504,0.3674816654743044,-0.965664803523208,0
55.70598668593159,712.1682289829561,-0.3135296861723979,1.6291663649009451,0
42.367408434574834,888.337967178684,0.9218015019772522,-0.581782033392054,0
31.95117899335481,1326.6245859112557,0.4826878872092127,-1.1738799644089726,0
33.72457562116837,1565.3758917803827,0.4200944904518413,-0.19793772898468187,0
50.48084946661382,1462.9730584816566,0.606850593215671,2.067906338163552,0
52.59722501721482,853.3451734641178,2.0565435648295414,-1.8316822472060261,0
40.956833748955916,664.1147700132967,-1.1308884353259157,-1.0513099116393445,0
56.38592458777374,1042.2658740733611,0.47363207681145447,1.4974316831796264,0
33.3847993773104,469.46819033114446,-0.9263811299815384,1.8577023435377324,0
49.33920201352684,1096.9503142554345,0.5555126463422483,-0.10343122429028392,0
37.889838002375434,955.7192241103994,-0.9186865114860944,-1.2390527025266425,0
43.48163892197841,860.1890494395274,-0.4173668136050844,2.095843501809159,0
50.47398671316414,521.5890798199614,-0.2950899142379063,1.5944423917491968,0
41.39586634716048,1154.080031970915,0.975816719344709,0.678946987762233,0
46.154444557701744,840.1897481014266,0.9184544439424138,-0.81240234893742,0
60.0629280921444,649.0249492869136,-1.2457173764463845,-0.049029340838036735,0
44.23108130476851,138.32133601550515,0.054934110999848726,-0.16036008104483077,0
58.35692112065142,991.7455284848091,-0.7095798547491726,0.33085130461557777,0
38.702931453423815,1531.6754790009231,-1.2585049106753345,1.451001438131336,0
55.298041779152825,1498.377764364361,-0.21701705042437042,0.8794170411374032,0
64.41568620657901,862.8711230241184,-0.3084827884558197,-1.0773760769847582,0
25.283554998727105,819.3363818914659,2.4267164863455224,1.3764964500195378,0
42.03104744529523,1140.632276822507,0.43295982536069616,0.3131321400131553,0
55.7707212718054,700.4843682435126,-1.3776175007542373,0.6870657958589163,0
47.96954613957007,1090.5375699458398,-0.5647740041709423,1.466540859278603,0
53.71145873371309,1229.824083515407,1.0213832954293984,-1.1115802495135512,0
43.960148132841795,1368.0799671652921,2.088442772869925,-0.035825578706462934,0
50.865897874729,969.9537770560141,-1.5859833122379583,-0.531454551359215,0
48.44322764607921,938.8978749469102,-1.879924385139045,-1.5678594253654559,0
61.67782061659807,736.6052239730317,1.8709651753717822,0.3467099776049199,0
52.54420843301213,751.935893788042,0.38961417737090387,2.5115565515844236,0
53.37602662075202,932.056332429542,-0.8682927318763665,-1.8400777445057528,0
45.881230338775325,1110.2096520448533,0.5346290861224353,-0.032280611049470324,0
45.123937759275066,1274.0753878699747,-2.6357477390168778,0.6405429350747734,0
45.67441812180379,759.0463147958965,0.003375506597160999,0.12307820165618115,0
53.944521423782966,1447.8065706878565,0.32782117284308526,-0.1131280525157404,0
45.79015519179737,918.6629196872293,0.9242701395378298,-1.2992163634458243,0
52.89774856896413,993.5898116954692,-1.0138959522925377,0.23278674294016363,0
70.75400798645438,775.836496255653,0.08568716140335904,-0.7567639770159263,0
58.711247034316926,272.72792191811754,-0.9254246260595873,-2.1899217049785533,0
46.73976467832159,1265.2136189083149,0.2553837556743171,1.1945922205137307,0
62.012139221639444,1221.05316912773,-0.8953463223630241,0.9583858198420424,0
45.91924626978449,915.601732864536,-0.4081008391602206,0.0516609768510798,0
29.61875464822146,1020.0972151674616,-0.9958153947902291,0.22907468820570256,0
39.91913689082596,1154.7817653112297,0.651136241823657,1.0743180127155614,0
31.292080789741444,531.2362429340371,0.8584511166566653,0.2243396567780826,0
46.48486515958692,841.2841967961116,-0.2346205699574138,0.9040175547613144,0
50.184183791895514,1238.2794038865482,0.03823799496002834,-0.29748220087385013,0
66.76437312275283,623.7131730492251,-1.4485914146335441,1.3119837385739466,0
53.269273737641626,1088.0673796499889,-0.29967664800678706,0.3207857259326839,0
47.80899471191136,593.0254586129785,-0.05020461704174478,0.19405194360587402,0
58.294055811834895,1139.9289947300579,2.620793091029975,-1.270061088712032,0
27.88864690992115,989.3075553107549,-1.1119670257741636,0.2869558543017087,0
52.356145581085656,515.4604552283472,1.4641772387524374,-0.8319549174944512,0
57.708651938869664,1349.4218063371513,0.996858773465808,-0.6382827265284942,0
35.214137542201584,779.6225269605852,0.2806364044901364,-0.8153756283161211,0
61.43754043206929,756.9242688956857,1.7586204841951334,-1.066234931899225,0
53.38496407494414,1060.1707591692827,0.3721054726068629,2.1247714030169615,0
45.847120860991986,1344.5912048286145,0.3891591956679287,1.3313390619884031,0
56.32781866106285,695.253454306481,-0.053120653017545344,1.9203675021442612,0
72.70692857804396,1018.5039549543915,1.2235688824186275,-1.222895019555564,0
51.81866255058495,1128.6449500991719,1.0964692338108837,0.07125374991089249,0
52.48220586300336,1207.9316821789432,-0.6256772874962124,-1.2935076252040958,0
45.40639100459756,1052.9324665831675,-1.3192471945987674,-0.695694877197064,0
41.50155630535208,889.8916482750033,-0.20298063739565708,-0.9181269834165748,0
58.303358165442454,751.7229338053841,-0.8000385643976464,1.2395840064415615,0
41.43916174091133,1025.8431649139125,-0.0635245746153551,-0.39622967810175985,0
50.715662372193925,678.3582964043179,1.2374381346841392,1.0683793336940164,0
45.223425532348834,123.59485495161778,-0.45730165508679,0.604120889588518,0
54.78979825746392,1130.9679412473004,-0.04282338131157488,2.303638752104789,0
53.33662105286948,1271.1804523258586,0.058022734808395225,-1.479444223139724,0
60.375399442578995,291.12026933744846,0.8484308822052846,1.259233239786799,0
44.89983601145253,697.0807885870188,-2.246889333984605,1.1464408704007276,0
47.30125064706629,1185.7462783015594,-0.6067002947652967,-0.9733788380270346,0
40.21236284217693,1617.2486409135095,0.21128369227947272,1.0071333364731596,0
45.55706739923888,1006.2381123026223,1.2000789564268612,0.3361449630262288,0
53.77300493044852,781.5991176312597,-0.49190244750620515,-0.22747625995340778,0
57.56988616645352,945.131067668548,-1.876552706041874,-0.8239354869719996,0
40.77834675822375,1412.4629257444553,0.6197114459661363,-0.7191094514491859,0
58.6960592010566,806.2107462626394,-0.6353623888256293,2.049812095785926,0
63.55637858804951,760.2423980049239,-1.1896666590903613,0.000682818957482628,0
54.13434903223701,855.1769433453903,-0.6243453897132241,0.7821300015314592,0
68.76795812558066,714.0014175223863,-0.18452535765584954,-0.7908993816675531,0
42.26210800896427,1036.8010947984387,-0.6047446645382127,-0.7798529462216388,0
37.55345296688583,1487.4035375408682,-2.205566057099069,1.0819848092499422,0
32.212797510957216,1096.9237819348086,0.8970661968871322,-1.3495762115515322,0
64.96044311489183,924.2939493621137,1.2748750412787222,-0.41521376790527154,0
56.54365656354058,912.4566193253368,0.6515219913395057,0.03402741107223205,0
49.44415329089545,531.0427573910029,-1.1376856704248166,0.11137260184005242,0
52.799686263198204,1264.9329331441477,-0.20149153394751798,-0.17909328501615626,0
38.74510952701623,976.6488408961594,-0.006521315229458062,0.3958197810959231,0
74.45751979616827,945.8560259228123,0.5987943895619102,0.6928557558178116,0
51.292211819752275,1957.932270353458,0.6683404887180808,0.73463754545933,0
51.09394794604893,1089.625872509706,-0.7341737987784958,-0.9858038086678267,0
57.25766623898692,774.4626849714447,0.08199555641356042,-0.2841550979287972,0
54.810092317367136,872.092721138337,0.4572804046152411,1.1947628618769377,0
52.23884024279131,1344.5337127590265,1.4558223221467665,0.8946471875738723,0
42.09525544554688,1033.9811231613294,0.7045065398247231,-1.372859451481064,0
54.714683571359956,568.5166065047899,0.7890566873755189,0.35147990035220167,0
68.82024496475034,1275.768680372561,0.08382662792936094,-1.9782252493748103,0
63.454200461549775,799.5567743383018,1.4104591452035038,0.04693490206036963,0
65.93186626639397,1561.9893328652638,0.4097627959594974,1.897767016745977,0
44.88784323568815,1324.0144197143945,-0.8610879101735704,-0.9478927172689863,0
40.10395179741419,865.8034313023746,1.4033699701251907,-0.8343230454915821,0
48.74213079900352,1384.304908520534,0.6979032725390276,0.7640297815728595,0
50.557249122886944,1020.356653158221,-0.4430440211284823,-1.542801515209646,0
60.94191518470949,1255.8321025366658,-0.47949296739924335,-0.6327550298850391,0
33.07535370285181,1145.4198451883424,0.2965755451407618,0.5964411375817527,0
65.29550319460614,746.0930035027379,0.4631847952675847,-0.6342858476894031,0
48.419921014210104,806.9350503047614,0.19729226563120644,-0.23596998721097162,0
45.7311893005258,1308.9882452743484,0.3113086734428849,0.7441857103150346,0
39.87895624739832,899.5674003680377,1.6999573745763805,0.42154608353656126,0
33.451433281342304,878.905461027401,1.0715431522348857,0.2668183962954019,0
58.231705839619146,713.4632261951941,0.19063559126502433,-0.33912227927003874,0
50.73317967188404,1127.0797196780384,0.9413105807674833,0.37006111526895535,0
37.10039100258946,1618.7574757729435,-1.0325239035275395,-0.12373268009975662,0
37.04921227936384,679.7401257237182,0.39792704994680894,0.45780560992578473,0
46.64215300709872,1007.2658370018274,1.80930634973311,-0.49693202511797824,0
66.69021525289392,1423.6661666246287,-0.21804589539237385,-0.18256897437954112,0
47.40408648636395,976.1075826262854,-0.8476339286190848,-0.9899577925520139,0
34.96857046881894,1135.7115388749203,-0.6520888885930607,-0.0350076100062359,0
47.54256935914056,681.2819415559361,-1.0896330373423884,-0.8110008636288448,0
47.27276430252329,1128.4921291622945,-0.7847619081277034,-1.1140464501619933,0
23.031133570584284,943.8567204986354,-0.370508098590029,0.25866114785538813,0
49.45705133482188,1295.718998703959,-1.405567019178642,0.21273977585766032,0
47.69065469791322,1356.2158154694253,0.015618333949603047,0.7828737349485725,0
56.96206364813418,1776.8690926055842,0.9022771737866472,-0.43112556957509907,0
68.48956094945345,1173.8899519640727,-0.9077561801469204,0.4080528468367557,0
61.26565029547757,1097.7388949746498,1.5192839236417688,0.5507975722736632,0
47.31111309445169,1058.3152904732008,0.5107920885275947,0.44477380783159476,0
38.934740912583294,894.0501121567935,1.0305805856240573,-0.8256536828021421,0
75.7335980324986,1101.5451530385074,-0.6578345538521371,0.1493634822711889,0
50.59218434014488,911.3795769582912,0.8545252270666157,0.36414029605466136,0
50.13929291912946,1050.5382928808842,-1.091933900395313,0.007178466907941942,0
49.758749128899964,1395.279260682388,0.8902475008365087,-2.0864776583710847,0
51.98084760767855,698.0372304161076,0.17183933979353122,0.16048962397348007,0
48.556395880760576,1341.9635683387137,0.5532512199847837,2.212531039397242,0
44.26337993119763,1395.1345202019595,-1.1755946056248516,-0.3600392687569827,0
44.53141058759608,964.5794419026764,-0.8950698422766047,-0.7280770978553212,0
49.672467297840015,363.4435302974216,0.5972282182533848,0.3733485597113982,0
44.56575228866235,817.6534038716702,-0.9483480042242007,0.3123782104665717,0
42.871542173228356,1389.0983639683327,0.46320629209912306,1.1927351654164144,0
51.064302276918966,993.1395813103354,-1.3671378064602457,-1.2578681559088878,0
47.450227825791444,700.2093303115267,0.8481742126666681,0.7313802525749924,0
65.0399298858269,848.5675236315348,-1.232523314768509,0.5904220612514635,0
23.490301916069882,1252.1860079513658,0.5522999376795232,-0.1421465369405461,0
60.91506851922462,1164.0200704604138,0.6256309336460009,0.33868731792169,0
62.46085192497629,928.3203702490918,-0.6967718184295749,1.0294574815983573,0
29.266097675918505,889.9526764555937,0.5820265670847269,0.8723153800284503,0
46.573124059196516,882.4725552868534,0.26044226333355597,-1.1430193120737286,0
46.28559134004209,723.2769446504492,-0.5388418561927383,0.8201581867554845,0
35.924883052821784,1484.6127068408325,-1.008554684076208,-0.06468860503251848,0
42.22183312409125,903.303859236598,-1.962625691672579,0.07287409801551539,0
38.894241545341714,1365.147556247649,0.3496500472996937,0.0731969910016945,0
67.52270443423623,1456.3948155767355,-1.5648027713620551,-0.15024298879825998,0
59.35678393147461,1299.493269444388,0.0953441994413082,1.191707497107065,0
62.71555094994159,870.5139061845855,-0.2634482160822491,-0.08371795984921201,0
57.21672064043235,1121.1190271009827,0.6791427754381955,-1.1195461283831687,0
38.70948228782771,992.7413180827251,-0.3020454994898642,-0.39352985596972884,0
44.75479733720226,728.8894417809615,-0.3294477863470914,0.1786947168104756,0
54.89374561227918,1097.307784516481,0.7318707042882956,1.2292147842970504,0
37.778721911080545,646.2880626520592,0.3350580290841175,0.6030946849488336,0
57.12998430172388,1356.3038165384692,0.3161559571827783,-0.8505352787470439,0
47.59674601841865,860.6148108104821,0.46926758980852623,2.4851899166788916,0
46.251791924504026,1060.3478967618519,-1.5355721232071058,0.2647753109779796,0
57.10959968203491,1084.9863614638427,0.756788679986982,1.2753907379990148,0
54.4426331148604,922.3285078887768,0.6124687940136023,-0.15171443357722914,0
46.3903383418092,1176.0081404425823,-1.0166831285764972,0.5333592447054494,0
61.59329803364248,857.5289030132427,-0.2440804736742013,0.8394685045184047,0
39.189366724001026,1261.3891892371732,-0.039307287627631186,1.218194711754256,0
56.15935606944264,596.2060959259754,-0.1344967844017327,1.057368305378225,0
55.93101257968384,1037.9138738639235,0.33385996656853467,0.8721970000729778,0
46.904535606860094,1581.6786997174854,1.4313667818311835,-0.3150867311941086,0
53.26133022242118,699.9006026183276,1.0817667276728287,-0.5717460419560614,0
37.488864236146966,796.6765088425445,-1.3122191934314063,0.33260751032419755,0
59.24027019206901,1154.1723548976745,0.6220699903060487,0.9331280723410693,0
48.15097863557011,1053.8745345818793,1.3289333195354096,-0.22272070077660705,0
44.772769794809605,1105.1890297820678,0.38680852068920263,1.0651719657143865,0
60.49009225836889,1146.756139044299,1.090980425185967,1.4526167454861794,0
42.95656309457241,1190.416440568531,2.012270445700765,-0.9163209190734197,0
35.91538703636441,1332.909952586867,1.0237095461069814,-0.8369207037962799,0
34.433708264760966,1122.9455970785539,0.24930859564172886,-0.14037505890533644,0
56.06009951345639,927.6227036144372,1.0450884740847535,0.3076126681891964,0
37.19570647503717,1201.7721103608194,0.14488783309689118,-0.524567013767051,0
67.54794181984364,1569.9645804685647,0.02390304328495547,1.3522026788671444,0
29.18070592116278,960.209876085228,-0.35141423571373254,0.4240668615184512,0
66.96456368290038,707.6412085988076,1.5634133588321082,0.03944704824073949,0
52.11017467202618,1332.124200786092,-0.8184286659420014,-1.4359095238685275,0
49.032868881296075,963.8856508139205,1.532367724678116,-1.3158158164275071,0
44.550809131910505,348.19913619578915,0.49986412374037137,0.2810092502818063,0
53.991361143520706,1254.2265031451266,-1.3993061748019415,-2.132595626154836,0
49.62365297575152,839.4015442138232,0.3676492929914216,1.0126374096440718,0
61.03301882016521,972.8400153087517,-2.100026507651624,-0.1581538443723203,0
51.142276486620396,1099.5940991707043,0.6255080168310357,3.2430929695947333,0
51.50301761461878,1057.14990393372,0.885231482988991,2.3079162506161106,0
46.36387787786144,1212.835545141712,-0.5923559556520536,-0.18144906924751675,0
49.43054376278933,869.354088829047,0.12354769595558233,-0.10633700253131496,0
53.07801768892059,1153.9317394528248,1.9541574337502863,0.9955815140020298,0
32.89831607343375,922.1359967248248,-0.5057467042619367,1.7031726099180378,0
36.518145778942866,1221.6431442662508,-1.0589075870566005,-1.6380290574360168,0
57.43264094022715,1184.610245203916,1.4816634024625988,-1.7863754653546866,0
51.708654381279416,719.3683893866214,1.9625871905307948,-0.6220348055543814,0
48.16016663647321,1325.7946348525097,0.0036956718478473255,0.5827375831738644,0
50.184339330653934,839.2109664657855,1.0114630354083562,0.4968735905075971,0
53.47581705361671,1242.4173394843435,1.341475915530881,1.0697714549838502,0
44.60240319690639,1110.1861940204021,-0.742484232538384,-1.1996975283653082,0
42.216952745976876,1551.455103038537,-0.4853058353678683,-2.3161438629688766,0
51.958452550976816,932.9602052884444,1.230874513154735,0.8580141953021454,0
40.21627222384968,895.2049611645407,1.6850142787085094,-0.8281962729652346,0
54.082527557144715,994.1741182336802,0.5628808601743548,-2.018487864388638,0
32.9741639576216,909.0460651497174,-0.8798143535020543,0.14506374595938162,0
60.29155637325644,1239.982570582615,1.9870611116994412,0.7931756882186773,0
54.72597482413043,515.1068174690236,-0.5309708978119645,-0.12205713212127726,0
52.56029734313876,683.8952742560938,-0.33513778117145177,-0.45784838618248924,0
59.82690983945514,679.6591235262421,0.34233783448962146,-0.15936223214590656,0
66.65474444462576,1285.0922775920726,1.5541604207147741,-0.37058276240078286,0
60.1437006501813,1513.1840117745776,0.8539759765522237,-1.3480471119401671,0
31.591257686683548,968.6652344387586,0.41486550036191044,-0.7146806769904318,0
37.204230332642986,949.3534830429968,0.4632885301181062,0.5212799050138145,0
43.75181422304321,1021.0156489339544,0.04351466864346608,0.3216785413765001,0
50.26091050210834,1348.5634907824572,0.5581395145185063,0.16805980596682024,0
55.17659020469123,721.7940597428278,-2.529560077694303,-0.9951484818533795,0
42.742561868465344,1071.5106948204354,-0.29660745906979835,-0.18150316213566714,0
51.86766764477078,1292.559288934729,0.241321934916781,-2.1770650464428547,0
42.44617067646678,1150.3282509819535,-1.151014083619507,0.17847666388538974,0
43.884821970080516,1056.874484979623,0.38632331781156,1.4288577078135674,0
35.93338903151778,1300.3138277701423,-0.20447122098612153,-1.4741321320421057,0
40.76766753889096,189.0303121002288,1.75547569831549,-0.5859276733177553,0
36.48315394383666,1203.3625958592722,1.5730197252148563,0.32910677871012955,0
40.241267470226674,803.7772950617729,-0.46580556911816284,1.2528426344274837,0
60.536417966078396,450.810130943063,-0.15083771156669531,-0.4482246163001494,0
40.50601111168057,1153.3607798574942,-0.0739475656083926,-0.6922503292658964,0
76.32382064837391,1412.0975635488874,-0.4516594761596227,-1.9689231424160831,0
54.93317900880889,958.7654456116925,0.19502498402812674,0.10343812930810638,0
51.84836123694874,1285.8623641608817,-0.7582820688875902,2.042076040143744,0
41.41642219818787,1483.6834773965936,-1.1306153349375263,0.2773584619646759,0
57.003098794089915,1394.474336075214,0.6227112239002686,-0.022278979183713316,0
44.24362173762226,1491.9893588114178,0.6295295842218108,0.32208231076698546,0
51.220098146453616,1222.6382473215676,-0.8043157596599924,-0.01109200394860206,0
75.60084538268795,1022.6300916704779,0.8953554307625996,-0.8130143722601298,0
49.0394010027535,519.4102564308495,-0.6315777291653314,0.8232799156777053,0
61.49273326285676,926.1812535610154,0.2531652380379812,0.2257615231117544,0
42.96823574874112,747.0260214051425,0.820344012612456,0.017613251933657315,0
49.65011509503038,1651.2828152493441,-0.03361256470371301,-0.97536602727825,0
67.7080063563551,947.234256270299,0.4547409121411344,1.3035079319347591,0
43.730329422122324,1036.9614420353457,-0.5164296438875717,0.6647027453331099,0
68.12448557996929,1165.4456128121403,-0.19646658342809717,-0.552920837367302,0
57.07751935455475,1013.0807339117362,-0.20585943088034037,1.0018248536819372,0
44.37533224105732,1508.515312129226,-0.7465783465402389,-0.49757083838520716,0
56.32407739055521,813.2051914796644,-0.1767741631157821,-0.782003492511037,0
59.7255444962673,1058.3822365711728,-1.5486182988637467,-0.7597031174802871,0
56.21809962217196,777.2588242905855,-0.4911537471421047,-1.7710685530880912,0
34.297752801095434,603.9932466337882,-0.28487549336967083,0.47154238041820573,0
42.728628241751316,816.4692727284144,-0.2561797524953801,-1.8311448783383502,0
47.52481364448495,988.8889608854764,-0.24149744587077882,-1.2284438312657626,0
49.25566570899954,871.209332644822,-0.061764199860128925,-2.0755880090785332,0
56.206720975506784,792.2737060378432,0.4794415180860639,-0.08606969279089306,0
51.777010009332535,578.1047608984499,0.8745170741325226,-0.15032046027187207,0
36.64655641289899,975.0683282113915,-0.6497652268482671,-0.32669621318636405,0
53.801978510059634,548.5838877906994,-1.2032008553891445,-1.0425776946705763,0
56.10585745283823,1228.0167891068809,-1.042044412243103,-1.17223375343664,0
55.5979044793104,1024.731925880351,-0.48720292119492714,0.46436986354657417,0
60.807807255546216,562.7345501605208,-0.3519213178165091,-0.5505519317084877,0
58.33922154548904,907.237276885041,-0.7699960661974573,0.31635832153614474,0
54.59180079228437,774.353078322825,-1.2961166642498945,-0.8852486861242225,0
49.29834288541353,1095.752353125754,-0.4561208274741882,0.18106274277108234,0
33.39039066484008,1402.1351338069435,0.18142662011397137,1.3032780373160637,0
54.296182191325855,437.4482591062766,0.5950294658355647,0.5861658003927833,0
52.076876871631114,1034.507823744225,-0.5574230531083212,-0.4124138182164804,0
52.715788371953735,951.9601613300078,-0.41299782214343406,0.25719897035592737,0
37.232514241796906,1201.4020229351397,-0.9266983088473107,-0.24066517453021302,0
39.189434595917376,1063.9589884713068,-0.03143917037477642,0.007880184694728152,0
60.53152853332904,774.4092004783543,-0.8484286341908146,-0.3256110521485036,0
49.60444846143345,904.2838193000146,0.5731278132412001,-0.1643352058853912,0
56.81500697372624,761.1922429589533,-1.7858664919341112,0.21209335307417523,0
50.28318376130461,1322.8021415795795,-0.3596296724524624,-0.9933586995819507,0
50.297561394957455,1006.3934946015827,0.3011073391917421,-1.0158788269899783,0
59.382838059759976,1570.357205725902,0.18383451632250436,-1.388542553831211,0
44.83955271782626,981.8017558556138,2.6930336639804966,-1.60027110450371,0
50.96120776940983,787.4779699268612,0.34980002456790754,-1.2172826922204794,0
45.377247112949576,545.8856822161518,-1.0040545968420103,0.15946250680412918,0
45.65503772567684,459.0580971232165,-0.09546424708907303,-0.8927875154918841,0
46.908278765313604,524.759217098353,-1.7762463334664518,0.5136144642310962,0
52.22133771633713,1080.137995303445,-0.08059974929676088,0.03471374875256186,0
45.212513783365225,1152.6175069689803,-0.8330560570007587,-1.9685042134380537,0
62.55756125573521,525.6427893903599,0.9153902755601617,0.6549755842216898,0
41.05392697780496,1268.5114942228347,-0.5495402745955349,0.8107986455917099,0
48.13128355838641,855.0816844949682,-0.11676591579524663,-0.9938626748348534,0
45.60268941725825,1044.0379035956648,-0.6355578414044034,0.4201915428949916,0
64.46977884353733,1483.6661884766272,1.7388513518533313,-0.856498237409199,0
51.965547765115744,1269.0517947596595,-0.3212427661179117,0.0976703767483354,0
60.31844539468635,919.4408056282502,1.8325570434792018,-1.2644984069549656,0
35.14439626963028,732.6423323754138,0.8141517621182666,-1.7931064525345768,0
52.67050265869259,354.4553796012085,0.48206672733538614,-0.3828171896129687,0
58.89630795623437,784.254004227274,0.3687331473175197,-0.12372894627483615,0
50.82283989275424,936.6609283516916,0.39379729821625153,-0.39767969361460404,0
60.654803750653514,703.8461418546449,-1.92767257934561,-1.1840305582225594,0
44.82711549899628,960.6229098723086,-0.2788833941507565,-0.3998990621311371,0
64.0934744018558,1023.0555648876305,0.8451579711843216,0.269294752580734,0
72.9889812361925,932.5432054575764,-0.04889718347410554,-0.04489303012253698,0
46.37161439560341,804.999225752962,-1.405189846803575,0.1825010305992134,0
45.54497478599228,1050.5964015900183,-0.05240445057746945,-0.6701152004542329,0
64.533844771177,1132.5821948708226,1.7041055162554912,1.1717179147161596,0
65.79572145730712,672.8802767671461,1.2468917155347194,-1.1761733365547806,0
44.771399728467316,1423.279713923881,-0.062004009366031745,0.4875602970867186,0
45.798131829041424,970.4235603147215,0.9514492770580866,1.1818910929599615,0
47.18215391139493,1005.6548868834543,-0.36650702036805183,0.4809080927488954,0
36.555494889657226,1212.4643269769672,-1.703871586826719,-0.20252422706483003,0
40.81348053515802,1069.9648393790505,-0.9244659881295544,-0.5282970466629792,0
39.95859233247932,1285.9409901739737,1.5628887685081978,1.036087651046256,0
42.32202434895871,1086.1372495605472,-0.2739930818293042,-1.422974925261673,0
49.65315112613219,816.2687876078686,-0.24338397937501807,-0.9701242603796436,0
52.342147325365204,1108.4510575618306,-0.29983819627488056,-0.3975577654917214,0
65.50500492814076,656.8821378038015,1.904136589573007,1.2376537575119981,0
40.016459592612094,1032.5679117329569,1.6259589153620633,0.37976763604089603,0
59.843223984765835,990.0310028066617,2.218780233448134,-0.9680457585102453,0
47.86011155774491,937.5649428182381,-0.1590452104000513,-0.31030770538490365,0
49.50536290347567,961.4387465683208,0.29562448874709507,-0.6143231440962944,0
56.74819492166604,435.4452863507082,-1.5166425494207911,-0.7097889922335351,0
38.772779784377015,835.3825276777116,1.4769344261182744,0.9788895585567792,0
53.82409746184051,1027.8534703423345,-1.167779551267935,-1.3717431292635056,0
51.66452208213056,1047.95691759922,0.2167755637626291,1.6087808557343735,0
54.92451264008149,691.6974577222126,-1.097302527632844,0.8282296901846228,0
52.89168643907818,1379.7123522594102,-0.5888668267386961,1.090861670603698,0
74.55300139910895,740.1475455356497,-0.8372624310497003,-0.4629395120252583,0
43.62260015748684,1290.837160158021,-0.6078752606758179,-0.14994071907910936,0
44.690030449981826,1128.1583085615055,-0.5391227031489786,-1.433151814524712,0
43.76859473575236,806.1318070468591,-0.5482687949250771,-0.524662407066803,0
44.44522880839745,1532.5932677828537,0.8333339117803071,0.4936548476431509,0
43.62612872693482,641.9089504730559,-1.10486279306252,1.2960630617813962,0
61.89016531107552,1275.7462520830004,0.22054142701386686,-1.1071568168024517,0
64.20504247989855,1300.1746954128935,1.2179591523055584,-0.36550593698526584,0
44.29253706250524,798.8139372770065,-0.513196364513396,-0.15129922023252232,0
41.67644426895771,1417.7395900192987,-0.7179188907476018,-1.3957892021924851,0
54.71415556386404,924.9860456203141,-0.23052462518025083,0.5913492417584003,0
44.477769557190285,1086.608088783957,1.1797252083607102,-0.7239903317426091,0
56.32931817755511,1078.0965516313663,0.1941076309533577,-0.19539035117702397,0
52.029230208513,959.7073775588357,-0.5312142946075985,-0.4519493719118777,0
34.84255885002768,1243.2424819479347,0.48387665118803974,-0.7893385057196743,0
65.47505201330061,1238.0466161656639,-1.1022921498364233,-0.0070449854805546995,0
67.95877673095522,475.4404080285458,0.681359510442948,-0.21560957856802238,0
43.87211309515614,1391.3020728634458,0.4086073077017676,-0.37185788227866556,0
46.122984400640156,501.2524035892977,-0.3078084711388841,-0.7284616216803428,0
52.85865390724905,1309.7638613024972,-0.838585798447231,0.31952467078295543,0
53.34456789987025,1338.011541048275,-0.8866809222834573,1.653617268492285,0
56.5854427267283,672.7100709354405,0.5348173363459102,0.13988723283912738,0
70.1020453876635,876.7557136136246,1.2289805024890619,0.996118214911129,0
48.2305277250595,668.2885994542193,-0.6373077470287948,-1.3902219251534627,0
42.01702755461546,935.5236909133794,0.45838670355148425,0.15776143929376948,0
36.20680771985473,907.5897147442777,-2.0870270186020687,-1.0973683189710666,0
42.69069960058081,1233.8981596808019,-0.5846177306571996,-1.4769249275319014,0
49.66873027126203,1393.0926238358825,-0.031058932870901952,-0.7393714074590363,0
67.94557863517788,1418.7051432369867,-0.9096834169818336,1.1918993344135729,0
44.823887009638284,831.3495920265093,-0.936506374789596,0.9500158286696456,0
52.237879516388986,937.2334378766417,-0.6677795564688862,0.24300472205439969,0
49.83577103927248,494.96854233371494,0.29219272832637316,-1.5327005598899308,0
61.88393273448084,758.2389800511434,-0.1873290184063747,-0.1962806513879368,0
75.26932425873622,1289.4554899292373,-2.238231233324972,0.30170000890173554,0
44.69131227079679,1484.6748470644695,-2.120700152635066,0.1755362295785979,0
45.10560557481778,629.6953384360233,-0.6068651778571754,-1.8437935834807457,0
60.44160877069072,822.2607222541317,0.45768658605355206,-0.8903178480198718,0
56.81891489626312,992.0782729123218,-2.7475048427252347,-0.06407776414871663,0
68.46707325736034,1084.0483476458821,-0.4997301761516306,0.5362909095171899,0
55.839281853259635,757.1189440235062,-0.5262478565174211,-2.1961278210999464,0
46.40707909212941,1127.2183133392268,1.3883377782084478,-0.16212397547985843,0
55.90654830692309,857.8481958787252,-0.38502181171286365,0.14304876987895235,0
61.087035805829075,995.6643187365163,0.38298898474092846,0.8496119885162131,0
58.204821811973645,1163.8852744011099,0.14125714008746323,0.6928575842374367,0
55.07274031107298,1001.9266809432813,-2.1305664798072006,0.5825713188088052,0
60.666746895891535,869.0842328420295,0.7682072166317373,-0.7999405067019342,0
61.692955904456724,967.1170588222508,0.21539650545628794,-1.9080021371233076,0
63.82158991037527,973.4911122383994,0.5082686396745896,-0.39305275706140097,0
56.48709887589643,888.9966910353617,3.9262377064363267,1.00163182520856,0
48.328819196831454,922.3611811998693,-2.0841129394985884,1.3934545275244314,0
51.46713686433323,1479.5941511514152,1.7246966497611085,0.7105491022977853,0
62.06508966508357,1168.2758343823716,-0.28744751940035557,0.42934082280173436,0
41.83064329012764,911.3559045912518,0.2873289044030093,0.3796396483859655,0
53.686733088729014,1209.0863213532207,-0.04551224530124217,-0.5561187467607805,0
46.06661187672639,899.854153073197,-0.4242363333980435,-0.13006029355362003,0
50.28744822934817,1351.9373912759925,-0.5698329282387588,1.669069525826331,0
62.78451862607299,1110.892657659428,0.32950873557300914,-0.9425580057918763,0
51.910990680199035,967.8093567987313,-1.5171736966716791,1.6147787907098514,0
50.46436548156149,1134.3150777430833,0.7505791675217656,-0.3220281544920584,0
36.40143859020081,528.7371543794502,-0.41619440488525394,1.3254321090950785,0
57.46253566027221,661.9697593270585,-1.1300693390403578,-1.4068150094975382,0
56.45484181141075,641.8224980802834,-0.4500128579958137,0.5859042011646491,0
71.6325472330546,1042.882928429112,1.2571492168625729,-0.736770135947622,0
46.92221765046999,1519.7544998455276,-0.5353350870162231,-1.4152671919241875,0
52.19150327663939,1669.3900438577898,0.35845361820962024,0.21853404241094568,0
52.49383683710755,1191.4153304322272,-0.7309562757154733,1.0094717885959688,0
65.77453279763475,1150.253342483337,0.7579218499236196,-0.8449414385934964,0
49.047044676130476,459.68267975417837,0.6855077387902041,-1.4990159604584012,0
52.790215257703395,837.1978600797935,1.8486088332964115,-0.09184476433495513,0
56.078965097165394,763.6648744275283,-0.1755639454992155,-0.08743532877718108,0
51.86609123156358,813.7457205246652,0.6686548047579066,0.5483196275544987,0
45.535663854494715,949.5568544245631,0.09806753953894455,0.9495945713644882,0
51.94089992898308,858.3728266908618,1.2958717818630143,-0.059415181272494094,0
60.73631749859772,406.2100568872637,-0.7188323876087304,1.855503314794263,0
39.7348470058894,1224.3730768352602,0.7450053128772811,0.22423474453529177,0
51.32969674146876,678.1770922780581,-0.19469729611668168,-0.3464265060068996,0
42.99879185060827,1071.7740592333448,-0.06418817710849775,-1.611567359102828,0
61.950466289248425,1622.224800924992,0.09175248444837286,-0.26265952031616774,0
34.76813095216225,724.184622524073,0.2522403964266774,-0.33638694541113623,0
44.410781527284115,240.9137431761011,-0.11622904312195817,0.9603047962814704,0
53.772118750645205,914.1987334359668,0.21471318317052634,0.46248362406685406,0
65.65524029234341,1330.2878904995714,1.5781180575621845,-1.1793691216326172,0
49.34249738927012,1587.5042362661782,0.9854496856152184,0.1722543864110375,0
44.44800473306802,631.135121664275,0.8691545924968965,0.6715311717290534,0
68.8115706944059,1149.0097669709564,-0.4555395260238707,1.5280313593878327,0
35.51986099583756,860.406862965984,-0.8892408282283243,0.8875039674140593,0
28.011940433799182,968.2154937087593,0.9553005582377528,0.7608466543114778,0
54.40014450053332,1793.3030041051104,0.8760467925297942,0.06008599461516361,0
44.97945775647389,549.108901481454,1.472670675750982,0.3883120054234496,0
39.787671828692865,1076.1218984483721,-0.6039806259692295,1.2495049007061587,0
57.08356447299353,1140.30795152963,-0.22954865536034708,-1.3327773974796497,0
52.43800713771199,1325.7358974818042,-1.6394841625254342,-0.3494393272169559,0
44.359213692632714,1029.3949460412687,-0.39247110606087293,-0.7725687487562407,0
37.19695601329106,1092.4151618512308,0.9965705105794472,0.3791531187261241,0
58.724573282801444,882.5054297734627,-0.46649537922819795,1.2302221756507876,0
56.50201177958661,1080.7380823735323,0.6404797952008238,-0.5969742867210739,0
49.00824136220617,897.0423173507769,-0.19050310599781134,-2.390304367469438,0
68.46636996047665,1186.4715669568152,0.32405702822156063,-0.41222074502447015,0
39.29915233673847,889.1168991869098,-1.1476913898156673,0.9134737320174066,0
34.74474829075261,1113.130118170656,0.08520944963390106,0.5376299029498797,0
43.080919301187556,991.2211558945065,-2.9911359709007233,0.4281862478105761,0
49.54413983644502,1337.8150752316506,-0.18689615816198485,-0.27999330187447974,0
52.43339449322692,984.5818829234541,-1.6304732437151401,-1.2790307362197864,0
187.9381971071835,3226.9675317931187,1.205994516546816,0.5152943216244674,1
217.60276982571483,6261.921500713992,0.7774073527645112,-0.8342818100346248,1
137.4230287904778,4094.267699137381,0.46667098196608103,2.184096733380456,1
272.18823020366295,4346.23366135118,1.52100622715938,0.570507208354516,1
195.89244108037155,4404.3387059565075,-0.9489165208248372,-0.5806483025539511,1
255.8647915794064,6374.438093170817,1.7473631979155582,-0.6113852473886282,1
217.13626731888522,2864.3257860213043,0.9321915642603847,-0.09294420661358828,1
222.8376609576892,8137.748533659994,-0.23655528721894603,-0.23950192202174977,1
228.4883640116102,6056.056809066052,1.1356201471829441,1.1168337755299542,1
222.38542800086574,5223.23891412916,-1.1062935124116342,0.18641616974404632,1
232.1361379933772,4945.105999383713,-0.8245141615276735,-0.7316317389085281,1
266.4576265066216,5285.554074857657,-0.6085897232397004,1.8904406851557827,1
209.8260584850735,5521.122428379338,-0.5289777080640152,0.04930833152022263,1
235.4501878794256,5645.215585950057,-1.0565576427602528,0.7688396759688968,1
195.51321528563867,5555.604466003449,1.223083067095325,-0.6082265074447593,1
272.0058607724736,5089.580681255249,-0.25885440036983165,0.3631156277445234,1
166.1803848970365,4802.6615796926735,0.35250496835687956,0.3111099911431952,1
290.0470216455408,4848.7267163464885,-0.5703513664136806,-1.889649292096153,1
197.99210246778284,4805.091719647319,-1.8206033005485172,2.01527511046064,1
128.4612448940976,6133.770096867064,0.2700573583914221,1.2906444609225471,1
206.40522074553945,5593.556722280862,-1.9122549754197768,-0.39719531614598763,1
165.94741712625597,2059.6113653357197,-0.06863404608546861,-1.1022697404558555,1
242.0321774494362,5655.900776529761,-1.3683150388328105,0.347561613803552,1
167.36880103488045,5194.736194718775,1.987275999230808,0.08669769941439658,1
177.690828339261,4981.291243554103,0.9113627221747217,0.3556689485632294,1
105.52296345272345,4611.4815469111145,0.10575379127148042,0.19157739619408962,1
177.38468403754615,6124.112719986013,1.2637066776546686,0.5062409893059261,1
78.80603366855216,5947.526462122858,-0.8463159774657358,1.4473056993918065,1
120.80485882571384,4227.122332176391,0.543479378670093,0.5681032051286461,1
238.02073280721487,5407.052287124535,0.1998104337187135,-1.0496554989099411,1
239.2900079325416,4028.343265458714,0.26402008133367,1.362562852712452,1
221.27287808924825,3620.3818352110693,1.2723535001067678,1.6406145634882874,1
151.65119284353935,4373.282775410034,0.7324921027798023,3.152056734512085,1
197.614432192901,5862.393472382759,0.28872366282502326,-1.123494033239598,1
199.81987304547158,5953.125045376087,-1.6548874362282961,0.242882013150275,1
142.08176554037286,5513.085420097293,-0.9600462952794637,-2.0820987031889873,1
275.1699150883575,5725.095786847997,-0.12270893359572414,0.5531491563792091,1
243.86811452878356,5516.178287114958,0.09337237427665124,-0.5482002981667726,1
188.95179130851682,4358.518404777048,-1.1302037246739238,1.9234457948249533,1
201.34429194972654,5431.922544673941,2.411676675578421,-0.7746149700185819,1
210.41914039737762,5800.409525227682,1.5163940552535728,-1.6891830379672617,1
97.91325657878546,5754.2913298135745,0.6021183203924835,-0.47126374070251964,1
187.64113087397016,6188.913371474643,0.07203686128374476,-1.9754877712171375,1
165.90078760011008,5708.303847201064,-0.21220896990115168,0.7510994545073101,1
149.91899950525422,5351.448207541583,-0.9519184600222356,-2.0650830462563206,1
185.94498535570224,6070.150238316428,0.07748051851886253,0.02845758118315888,1
289.88432634247613,4973.47874075094,0.2577525401427507,-2.077811819856197,1
232.0421430633505,4118.125348772282,-1.2417605754816243,-0.3202978045366419,1
171.44105051086015,4836.933036056236,0.33417641724489744,1.643378155804534,1
228.62913906780793,4255.097355193551,-0.15525904882474875,0.36064789143579495,1
