ImageFileName,reate,c01,c02,c03,c04,c05,c06,c07,c08,c09,c10,c11,c12,c13,c14,c15,c16,c17,c18,c19,c20,c21,c22,c23,c24,c25,c26,c27,c28,c29,c30,c31,c32,c33,c34,c35,c36,c37,c38,c39,c40,c41,c42,c43,c44,c45,c46,c47,c48,c49,c50,c51,c52,c53,c54,c55,c56,c57,c58,c59,c60,c61,c62,c63,c64
WhatsApp_Image_2023-09-08_at_04.41.27_3 (1).jpg,Train,0,0,0,0,0,0,0,0,0,2,2,0,0,0,0,0,0,0,2,0,0,0,0,0,2,2,0,0,0,0,0,0,0,0,0,0,0,0,0,0,0,0,0,0,0,0,0,0,0,0,0,0,0,0,0,0,0,0,0,0,0,0,0,0
AB-de-Villiers-ramp-shot (1).jpg,Train,0,0,2,0,0,0,0,0,0,0,0,2,0,0,0,0,0,0,0,2,0,0,0,0,0,0,0,0,0,0,0,0,0,0,0,3,3,0,0,0,0,3,3,3,3,0,0,0,0,0,0,0,0,0,0,0,0,0,0,3,3,0,0,0
51yt53t775L_1.jpg,Train,0,0,0,0,3,3,3,0,0,0,0,0,3,3,3,0,0,0,0,0,3,3,3,0,0,0,0,0,3,3,3,0,0,0,0,0,3,3,3,0,0,0,0,0,3,3,3,0,0,0,0,0,3,3,3,0,0,0,0,0,3,3,3,0
cricket-batsman-in-action-BP23WT.jpg,Train,0,0,1,0,0,0,0,0,0,0,0,0,0,0,0,0,0,0,0,0,0,0,2,0,0,0,0,0,0,0,0,0,0,0,0,3,0,0,0,0,0,0,0,3,3,0,0,0,0,0,0,3,3,0,0,0,0,0,0,3,3,0,0,0
WhatsApp_Image_2023-09-08_at_04.17.17 (1).jpg,Train,0,0,0,0,0,0,0,0,0,0,0,0,0,0,0,0,0,0,0,0,0,0,0,0,0,0,0,0,0,0,0,0,2,2,2,2,2,0,0,0,2,2,1,1,2,2,0,0,0,0,0,2,0,2,0,0,0,0,0,0,0,0,0,0
669e095499b1b8614832a274-cricket-best-buy-cbb-stumps-for-cricket.jpg,Train,0,3,3,3,3,0,3,3,0,3,3,3,3,0,3,3,0,3,3,3,0,0,3,3,0,3,3,3,3,0,3,0,0,3,3,3,0,0,3,3,0,3,3,3,0,0,3,3,0,3,3,3,0,0,3,3,0,3,3,3,0,0,3,3
3CAS5Setof3SpringPlasticStumpswithBase_Bails.jpg,Train,0,0,0,3,3,3,0,0,0,0,0,3,3,3,0,0,0,0,0,3,3,3,0,0,0,0,0,3,3,3,0,0,0,0,0,3,3,3,0,0,0,0,0,3,3,3,0,0,0,0,0,3,3,3,0,0,0,0,0,0,3,0,0,0
dsc-others-default-title-dsc-spring-wooden-cricket-stumps-full-size-37989488197812_1800x1800 (1).jpg,Train,0,0,0,3,3,3,0,0,0,0,0,3,3,3,0,0,0,0,0,3,3,0,0,0,0,0,0,3,3,3,0,0,0,0,0,3,3,0,0,0,0,0,0,0,3,0,0,0,0,0,0,3,3,0,0,0,0,0,0,0,3,0,0,0
annotated_images - 2025-11-15T221726.166.jpg,Train,0,0,1,1,1,0,0,0,0,0,1,1,1,0,0,1,0,0,1,1,1,0,0,1,0,0,1,1,1,0,0,0,0,1,0,0,0,0,0,0,0,0,0,0,0,1,0,0,0,0,0,0,0,0,0,1,0,1,1,1,0,0,0,0
cricket-background-4846mlebco6c8psc.jpg,Train,0,0,0,0,0,0,0,0,0,0,0,0,0,0,2,2,0,0,0,0,0,2,0,2,0,0,0,0,1,0,2,0,0,0,0,0,0,2,0,0,0,0,0,2,2,0,0,0,0,0,0,2,0,0,0,0,0,0,0,0,0,0,0,0
large.jpg,Train,0,3,3,0,3,3,0,0,0,3,3,0,3,3,0,0,0,3,3,0,3,3,0,0,0,3,3,0,3,3,0,0,0,3,3,1,0,3,0,0,0,0,1,1,1,3,3,0,0,3,1,1,1,3,0,3,0,3,0,0,0,0,0,0
1698294888_new-project-21.jpg,Train,0,0,0,0,0,0,0,0,0,0,0,0,0,0,0,0,0,0,0,0,0,0,0,0,0,0,0,0,0,0,0,0,0,0,0,0,0,0,0,0,0,0,0,0,0,2,0,0,0,0,0,0,0,0,0,0,0,0,0,0,0,2,2,0
cricket-batter-in-action-2JH50TC.jpg,Train,0,0,0,0,0,0,0,0,0,0,0,0,0,0,0,0,0,0,0,0,0,0,2,0,0,0,0,0,0,0,0,0,0,0,3,0,0,0,0,0,0,0,0,0,0,0,0,0,0,0,3,0,0,0,0,0,0,0,0,0,0,0,0,0
cricket-ball-hitting-wicket-stumps-knocking-bails-out-against-blue-sky-background-bails-fly-from-cricket-stumps-as-ball-hits-on-grass-field-close-up-2WNX762.jpg,Train,0,0,0,0,0,0,0,0,0,0,0,3,0,0,0,0,0,3,3,0,3,3,3,0,0,3,3,3,3,3,3,0,0,3,3,3,0,3,3,0,0,3,3,3,3,3,3,0,0,3,3,0,3,3,3,0,0,3,3,0,3,3,3,0
annotated_download (63).jpg,Train,0,0,0,1,1,1,1,0,0,0,1,1,1,1,1,0,0,0,1,1,1,1,1,1,0,0,1,1,1,1,1,1,0,0,1,1,1,1,1,1,0,0,1,1,1,1,1,1,0,0,1,1,1,1,1,0,0,0,0,1,1,1,0,0
different-types-of-cricket-shots (1).jpg,Train,0,0,0,0,0,0,0,2,0,0,0,0,0,0,0,0,0,0,0,0,0,0,0,0,3,0,0,0,0,0,0,0,0,0,0,0,0,0,0,0,0,0,0,0,0,0,0,0,0,0,0,0,0,0,2,0,0,0,0,0,0,0,0,0
bbb7d-17506872232273-1920.jpg,Train,0,0,2,0,0,0,0,0,0,0,2,2,0,0,0,0,0,2,0,2,0,0,0,0,0,2,0,0,0,0,0,0,0,0,2,0,0,0,0,0,0,0,0,0,0,0,0,0,0,0,0,0,0,0,0,0,0,0,0,0,0,0,0,0
kss-kashmiri-willow-single-blade-cricket-bat-product-images-orvhvzncxvt-p601852135-0-202305262152.jpg,Train,0,0,0,2,2,0,0,0,0,0,0,2,2,0,0,0,0,0,0,0,2,0,0,0,0,0,0,0,2,0,0,0,0,0,0,2,2,0,0,0,0,0,0,2,2,0,0,0,0,0,0,2,2,0,0,0,0,0,0,0,2,0,0,0
ball-baseball-baseball-bat-bat.jpg,Train,0,0,0,2,0,0,0,0,0,0,2,2,2,3,0,0,0,0,2,2,2,2,2,2,0,0,0,2,2,2,0,2,0,0,0,0,2,2,0,2,0,0,0,0,1,0,2,2,0,0,0,1,0,2,2,2,0,0,1,0,1,2,2,2
inside-out (1).jpg,Train,0,0,0,0,0,0,0,0,0,0,0,0,0,0,0,0,0,0,0,0,0,0,0,0,0,0,0,3,0,0,0,0,0,0,2,0,3,0,0,0,0,0,2,3,3,0,0,0,0,0,1,3,3,0,0,0,0,0,0,0,0,0,0,0
bat_slant_Large_203bb2aa-bcb3-4f10-b3a3-84493179ebca.jpg,Train,0,0,0,0,0,0,0,0,0,0,0,0,0,2,2,0,0,0,0,0,2,2,2,0,0,0,2,2,2,2,0,0,0,2,2,0,2,0,0,0,0,0,0,2,0,0,0,0,2,2,2,2,0,0,0,0,2,2,0,2,0,0,0,0
81dVcsoYvcL._SL1500.jpg,Train,0,3,3,0,0,0,0,0,3,3,3,0,0,0,0,0,3,3,3,0,0,0,0,0,3,3,3,0,0,3,3,0,3,3,3,0,0,0,3,0,3,3,3,0,0,0,3,0,3,3,0,0,0,3,3,0,3,3,3,0,0,3,3,3
2603140-led-stumps.jpg,Train,0,0,0,0,0,0,0,0,0,0,0,0,0,0,0,0,0,0,0,0,0,0,0,0,0,0,0,0,0,0,0,0,0,3,3,0,0,0,0,0,0,3,3,0,0,0,0,0,0,3,3,0,0,0,0,0,0,3,3,0,0,0,0,0
a-batsman-batting (1).jpg,Train,1,0,0,0,0,0,0,0,1,1,0,0,0,0,0,0,0,1,0,0,0,0,0,0,0,0,0,0,0,0,0,0,0,0,0,0,0,0,0,3,0,0,0,0,0,0,0,0,0,0,0,1,0,0,0,3,0,0,0,0,0,0,0,0
cricket-ball-near-stumps-green-grass-field-players-stand-background-stadium-game-action-closeup-summer-sport-390338273.jpg,Train,0,3,3,3,0,0,0,0,0,3,3,3,0,0,0,0,0,3,3,3,0,0,0,0,0,3,3,3,0,0,0,0,0,0,3,3,0,0,0,0,0,3,3,1,1,0,0,0,0,3,3,1,1,0,0,0,0,3,0,0,0,0,0,0
annotated_107679169 (1).jpg,Train,0,0,0,0,0,0,0,0,0,0,0,0,0,0,0,0,0,0,1,1,1,1,1,1,1,1,1,1,1,1,1,1,1,1,1,1,1,1,1,1,1,1,1,1,1,1,1,1,1,1,1,1,1,1,1,1,1,1,1,1,1,1,1,1
SOFT-TENNIS-scaled.jpg,Train,0,0,0,0,3,2,0,0,0,0,0,2,2,0,0,0,0,0,0,2,2,0,0,0,0,0,0,2,0,2,0,0,0,0,2,2,2,0,0,0,0,0,2,2,2,0,0,0,0,0,2,2,2,0,0,0,0,0,2,2,2,0,0,0
annotated_images - 2025-11-15T221726.461.jpg,Train,0,0,0,1,1,1,0,0,0,0,1,1,1,1,1,0,0,1,1,1,1,1,1,0,1,1,1,1,1,1,1,1,0,1,1,1,1,1,1,1,0,1,1,1,1,1,1,0,0,1,1,1,1,1,1,0,0,0,1,1,1,1,0,0
cricket-stumps-bails-pitch-sport-wicket.jpg,Train,0,0,0,0,0,0,0,0,0,0,0,0,0,0,0,0,0,0,0,3,3,3,3,0,0,0,3,0,0,3,0,3,0,0,3,3,3,3,3,0,0,0,3,3,3,3,3,0,0,0,3,3,3,0,0,0,0,0,3,0,0,3,0,0
annotated_Artboard_1_7 (1).jpg,Train,0,0,0,0,0,0,0,0,0,0,0,0,0,0,0,0,0,0,1,1,1,1,0,0,0,0,1,1,1,1,0,0,0,0,1,1,1,1,0,0,0,0,1,1,1,1,0,0,0,0,0,1,1,0,0,0,0,0,0,0,0,0,0,0
cricket-bowler-in-action-M41MWW.jpg,Train,0,0,0,0,0,0,0,0,0,0,0,0,0,0,0,0,0,0,0,0,0,0,0,0,0,0,0,0,0,0,0,0,0,0,0,0,0,0,3,0,0,0,0,0,0,0,3,0,0,0,0,0,0,0,3,0,0,0,0,0,0,0,3,0
hq720 (4).jpg,Train,0,0,0,0,0,0,0,0,2,2,0,0,0,0,0,0,1,2,0,0,0,0,0,0,0,0,0,0,0,0,3,0,0,0,0,0,0,0,3,0,0,0,0,0,0,0,0,0,0,0,0,0,0,0,0,0,0,0,0,0,0,0,0,0
ANI-20251118090441_202511.jpg,Train,0,0,0,0,0,0,0,0,0,0,0,0,0,0,0,0,0,0,0,0,0,0,0,0,0,0,0,0,0,0,0,0,0,0,0,0,0,3,3,0,0,0,0,0,0,3,3,0,0,0,0,0,0,0,3,0,0,0,0,0,0,0,3,0
cricket-ball-hitting-wicket-stumps-knocking-bails-out-against-blue-sky-background-bails-fly-from-cricket-stumps-as-ball-hits-on-grass-field-close-up-2WNX76P (1).jpg,Train,0,0,0,0,0,0,0,0,0,0,0,0,0,0,0,0,0,0,3,0,3,0,0,0,0,0,3,0,0,3,3,0,0,0,3,1,0,3,0,0,0,0,3,1,1,3,0,0,0,0,0,0,3,3,0,0,0,0,3,3,3,3,0,0
cricket-A63B4Y (1).jpg,Train,0,3,3,0,3,0,0,0,0,0,3,1,1,3,0,0,0,0,3,1,1,3,0,0,0,0,3,3,0,3,0,0,0,0,0,3,3,3,3,0,0,0,0,0,3,0,3,0,0,0,0,3,0,3,0,0,0,0,0,0,0,0,3,3
61blbEC4c7L.jpg,Train,0,0,0,2,0,0,0,0,0,0,0,2,0,0,0,0,0,0,0,3,2,0,0,0,0,0,0,2,3,0,0,0,0,0,0,2,2,0,0,0,0,0,0,2,2,0,0,0,0,0,0,2,2,0,0,0,0,0,0,2,2,0,0,0
dhruv-jurel-india-xi.jpg,Train,0,0,0,0,0,0,2,2,0,0,0,0,0,0,2,2,0,0,0,0,0,0,0,0,0,0,0,0,0,0,0,0,0,0,0,0,0,0,1,0,0,0,0,0,0,0,0,0,0,0,0,0,0,0,0,0,0,0,0,0,0,0,0,0
bleached-polished-cricket-6-stumps-4-bails-3.jpg,Train,0,3,3,3,3,3,3,0,0,3,3,3,3,3,3,0,0,3,3,3,3,3,3,0,0,3,3,3,3,3,3,0,0,3,3,3,3,3,3,0,0,3,3,3,3,3,3,0,0,3,3,3,3,3,3,0,0,3,3,3,3,3,3,0
CPPlasticStumps1CricketerPro_1200x.jpg,Train,0,0,0,3,3,0,0,0,0,0,0,3,3,0,0,0,0,0,0,3,3,0,0,0,0,0,0,3,3,0,0,0,0,0,0,3,3,0,0,0,0,0,0,3,3,0,0,0,0,0,0,3,3,0,0,0,0,0,0,3,3,3,0,0
1-One-Cricket-Bats.jpg,Train,0,0,2,0,2,2,0,0,0,0,2,2,2,2,0,0,0,0,2,2,2,3,0,0,0,0,2,2,2,3,0,0,0,0,2,2,2,2,0,0,0,0,2,2,2,2,0,0,0,0,2,2,0,2,0,0,0,0,2,2,0,2,0,0
annotated_grade-red_2 (1).jpg,Train,0,0,1,1,1,1,0,0,0,1,1,1,1,1,1,0,0,1,1,1,1,1,1,0,0,1,1,1,1,1,1,0,0,1,1,1,1,1,1,0,0,1,1,1,1,1,1,0,0,1,1,1,1,1,1,0,0,0,1,1,1,1,0,0
annotated_61oOiPS7Q6L (1).jpg,Train,0,0,0,0,0,0,0,0,0,0,0,1,1,1,0,0,0,0,1,1,1,1,0,0,0,1,1,1,1,1,1,0,0,1,1,1,1,1,0,0,0,0,1,1,1,1,0,0,0,0,1,0,1,1,0,0,0,0,0,0,0,0,0,0
ultimate-long-handle-cricket-bat-802361334-9bc31jbl.jpg,Train,0,0,0,2,0,0,0,0,0,0,0,2,0,0,0,0,0,0,0,2,0,0,0,0,0,0,0,2,0,0,0,0,0,0,0,2,0,0,0,0,0,0,0,2,0,0,0,0,0,0,0,3,0,0,0,0,0,0,0,3,0,0,0,0
Surya-kumar-yadavplaying-scoop-shot-canva.jpg,Train,0,0,0,2,2,0,0,0,0,0,2,2,0,0,0,0,0,2,0,0,0,0,0,0,0,0,0,0,0,0,0,0,0,0,0,0,0,0,0,3,0,0,0,0,0,0,0,3,0,0,0,0,0,0,0,0,0,0,0,0,0,0,0,3
annotated_images - 2025-11-15T221726.155.jpg,Train,0,0,0,1,1,1,1,1,1,1,1,1,1,1,1,1,1,1,1,1,1,1,1,1,0,1,1,1,1,1,1,1,1,1,1,1,1,1,1,1,1,1,1,1,1,1,1,1,1,1,1,1,1,1,1,1,0,1,1,1,1,1,1,1
hq720 (2).jpg,Train,0,0,0,0,0,0,0,0,2,2,0,0,0,0,0,0,0,2,0,0,0,0,3,3,0,0,0,0,0,0,3,2,0,0,0,0,0,0,3,0,0,0,0,0,0,0,0,0,0,0,0,0,0,0,0,0,0,0,0,0,0,0,0,0
a-batsman-is-clean-bowled-during-a-village-cricket-match-HAB059.jpg,Train,0,0,0,0,0,0,0,0,0,0,0,0,0,0,0,0,0,0,0,0,0,0,0,0,0,0,0,0,0,0,0,0,0,0,0,0,0,3,0,0,0,0,0,0,0,3,3,0,0,0,0,0,0,0,3,0,0,0,0,0,0,0,0,0
SportsWing_SingleBlade-WithoutScoop-SoftPremiumTennisBat_Black_1.jpg,Train,0,2,0,2,2,0,2,0,0,2,0,2,2,0,2,0,2,2,0,2,2,0,2,0,2,2,0,2,2,0,2,0,2,2,0,2,0,0,2,0,2,2,0,2,2,0,2,0,2,2,0,2,0,0,2,0,2,2,0,2,2,0,0,0
annotated_download (43).jpg,Train,0,0,1,1,1,1,0,0,0,1,1,1,1,1,1,0,0,0,1,1,1,1,1,0,0,1,1,1,1,1,1,0,0,1,1,1,1,1,1,0,0,1,1,1,1,1,1,0,0,1,1,1,1,1,1,0,0,1,1,1,1,1,1,0
51vixSq1Z9L (1).jpg,Train,0,0,3,3,3,2,0,0,0,0,0,3,3,3,0,0,0,0,3,3,3,3,0,0,0,0,0,3,3,3,0,0,0,0,3,3,3,3,0,0,0,0,3,3,3,3,0,0,0,0,3,3,3,3,0,0,0,0,3,3,3,3,0,0
DoMPiXXV4AAQXcs.jpg,Train,0,0,0,0,0,0,0,0,0,0,0,0,0,0,0,0,0,0,0,0,0,0,0,0,0,0,0,0,0,0,0,0,0,0,0,0,0,0,0,0,0,0,0,3,3,0,0,0,0,0,0,3,3,0,0,0,0,0,0,3,3,0,0,0
bring-excitement-cricket-to-your-designs-dynamic-vector-illustration-batter-action-perfect-sports-apps-373093884.jpg,Train,0,0,0,0,2,2,0,0,0,0,0,0,0,2,0,0,0,0,0,0,0,0,2,0,0,0,0,0,0,0,0,0,0,0,0,0,0,0,0,0,0,0,0,0,0,0,0,0,0,0,0,0,0,0,0,0,0,0,0,0,0,0,0,0
81hdDSUIRsL.jpg,Train,0,0,0,0,0,0,0,0,0,0,3,0,0,3,0,0,0,0,3,0,3,3,0,0,0,0,3,0,3,3,0,0,0,0,3,0,3,3,0,0,0,0,0,0,3,3,0,0,0,0,3,3,3,3,0,0,0,0,3,3,3,3,0,0
2021-Category-Banner-Stumps (1).jpg,Train,0,0,0,0,0,0,0,3,0,0,0,0,0,0,3,3,0,0,0,0,0,0,3,3,0,0,0,0,0,0,3,3,0,0,0,0,0,0,3,3,0,0,0,0,0,0,3,3,0,0,0,0,0,0,3,3,0,0,0,0,0,0,3,3
vintage_finisher_one_1.jpg,Train,0,0,0,2,2,0,0,0,0,0,0,2,2,0,0,0,0,0,0,2,2,0,0,0,0,0,0,2,2,0,0,0,0,0,0,2,2,0,0,0,0,0,0,2,2,0,0,0,0,0,0,2,2,0,0,0,0,0,0,3,2,0,0,0
GzbPJgRa4AA9XzW.jpg,Train,0,0,0,0,0,0,0,0,0,0,0,2,0,0,0,0,0,0,0,0,0,0,0,0,0,0,0,0,2,2,0,0,0,0,3,0,0,0,0,0,0,0,3,0,0,0,0,0,0,0,0,3,0,0,0,0,0,0,3,3,0,0,0,0
1735034114535_virat_kohli_outside_off_stump.jpg,Train,0,0,0,0,0,0,0,0,0,0,0,0,0,0,0,0,0,3,0,0,0,0,0,0,0,0,0,0,0,2,0,0,0,0,0,0,0,0,0,0,3,0,0,0,0,0,0,0,0,0,0,0,0,0,0,0,0,0,0,0,0,0,0,0
63c11b978ed14a68cc0edeea-yoogi-all-in-one-plastic-stump-set.jpg,Train,0,0,0,3,3,3,3,2,0,0,0,3,3,3,3,2,0,0,0,3,3,3,3,2,0,0,0,3,3,3,3,2,0,0,0,3,3,3,3,2,3,0,0,3,3,3,3,2,0,0,0,3,3,3,3,3,0,0,0,0,0,0,0,0
cricket-bat-and-ball-CFMM8D.jpg,Train,0,0,0,2,2,0,0,0,0,0,0,2,2,0,0,0,0,0,0,2,2,0,0,0,0,0,0,2,0,0,0,0,0,0,0,2,2,0,0,0,0,0,0,2,2,0,0,0,0,0,0,2,0,0,0,0,0,0,0,2,0,0,0,0
1549449753_VINEX-CRICKET-STUMPS-SET-PRIMA.jpg,Train,0,0,0,0,0,0,0,0,0,0,0,3,3,3,0,0,3,3,0,0,3,3,3,3,3,3,3,3,3,3,3,3,3,3,3,3,3,0,3,3,3,3,3,0,3,3,3,0,0,0,0,0,0,0,0,0,0,0,0,0,0,0,0,0
81GoMm00IYL.jpg,Train,0,0,0,0,0,3,3,0,0,0,0,0,0,3,3,3,0,0,0,0,0,0,3,3,0,2,2,2,2,3,3,3,0,0,0,0,2,3,3,0,0,0,0,0,0,3,3,3,0,0,0,0,0,3,3,3,0,0,0,0,0,0,3,3
dsc-others-default-title-dsc-cricket-wooden-target-stump-full-size-39036922626228.jpg,Train,0,0,0,0,0,3,3,0,0,0,0,0,0,3,0,0,0,0,0,0,3,3,0,0,0,0,0,3,0,0,0,0,0,0,0,0,0,0,0,0,0,0,3,3,0,0,0,0,0,0,3,3,0,0,0,0,3,3,3,0,0,0,0,0
durable-pvc-cricket-stump-stand-size-6-802347750-00udvvgi.jpg,Train,0,0,3,3,3,3,0,0,0,0,3,3,3,3,0,0,0,0,3,3,3,3,0,0,0,0,3,3,3,3,0,0,0,0,3,3,3,3,0,0,0,0,3,3,3,3,0,0,0,0,3,3,3,3,0,0,0,0,3,3,3,3,0,0
closeup-old-cricket-sport-equipments-on-green-floor-old-leather-ball-wooden-bat-soft-and-selective-focus-traditional-cricket-sport-lovers-around-the-world-concept-photo (1).jpg,Train,0,0,0,0,0,0,0,0,0,0,0,0,0,0,0,0,0,0,0,1,1,1,1,0,0,0,0,1,1,1,1,0,0,0,0,1,1,1,1,0,0,0,0,2,1,0,1,0,0,0,2,2,2,2,0,2,0,0,0,2,2,2,2,2
dsc-others-default-title-dsc-spring-wooden-cricket-stumps-full-size-38319776006324_1800x1800 (1).jpg,Train,0,0,3,3,3,0,0,0,0,0,0,3,3,0,0,0,0,0,0,3,3,0,0,0,0,0,0,3,3,0,0,0,0,0,0,3,3,0,0,0,0,0,0,3,3,0,0,0,0,0,0,0,3,0,0,0,0,0,0,3,3,0,0,0
2-One-Cricket-Bats.jpg,Train,0,0,2,0,2,2,0,0,0,0,2,0,2,0,0,0,0,0,2,2,2,2,0,0,0,0,2,2,0,2,0,0,0,0,2,2,0,2,0,0,0,0,2,3,2,2,0,0,0,0,2,2,2,2,0,0,0,0,2,2,0,2,0,0
annotated_download (44).jpg,Train,0,0,0,0,1,0,0,0,0,0,1,1,1,1,1,0,0,1,1,1,1,1,1,0,0,1,1,1,1,1,1,0,0,1,1,1,1,1,1,0,0,1,1,1,1,1,1,0,0,0,1,1,1,1,0,1,0,0,1,1,1,1,1,1
cr-2025102368f9f696735c2.jpg,Train,0,0,0,0,0,0,0,0,0,0,0,0,0,0,0,0,0,0,0,0,0,0,0,0,0,0,0,0,0,0,0,0,0,0,0,2,0,0,0,0,0,0,0,2,0,0,0,0,0,0,0,0,0,2,0,0,0,0,0,2,0,2,0,0
dynamic-cricket-batter-poised-to-strike-ball-action-stylized-illustration-swinging-bat-vivid-colors-lines-405702534.jpg,Train,0,0,0,2,2,0,0,0,0,0,0,0,2,0,0,0,0,0,0,0,0,0,0,0,0,0,0,0,0,0,0,0,0,0,0,0,0,1,0,0,0,0,0,0,0,3,0,0,0,0,0,0,0,3,0,0,0,0,0,0,0,3,0,0
india-insecure-batters.jpg,Train,0,0,0,0,0,0,0,0,0,0,0,0,0,0,0,0,0,0,0,0,0,0,0,0,0,2,0,0,0,0,0,0,0,2,0,0,0,3,0,0,2,2,0,0,0,3,0,0,0,1,0,0,0,3,0,0,0,1,0,0,0,0,0,0
-NeNQ3KDNlitNqsWDKM8.jpg,Train,0,0,3,3,3,3,0,0,0,0,3,3,3,3,0,0,0,0,3,3,3,3,0,0,0,0,3,3,3,3,0,0,0,0,3,3,3,3,0,0,0,0,3,3,3,3,0,0,0,0,3,3,3,3,0,0,0,0,3,3,3,3,0,0
red-cricket-ball-and-bat-on-grass-close-up-EFW04F.jpg,Train,0,0,2,2,2,0,0,0,0,0,0,0,2,0,2,0,0,0,0,2,2,2,2,0,0,1,1,1,2,2,0,0,0,1,1,0,0,0,0,0,0,1,0,0,0,0,0,0,0,0,0,0,0,0,0,0,0,0,0,0,0,0,0,0
GtKiA-WaUAAGvve.jpg,Train,0,0,0,0,0,0,0,0,0,0,0,0,0,0,0,0,0,0,0,0,0,0,0,0,0,0,0,0,0,0,0,0,0,0,0,0,0,0,0,0,0,0,3,0,0,0,0,0,0,0,3,0,0,0,0,0,0,0,3,0,0,0,0,0
annotated_download (56).jpg,Train,0,0,0,0,0,0,0,0,0,0,0,1,1,0,0,0,0,0,1,1,1,1,0,0,0,0,1,1,1,1,0,0,0,0,1,1,1,1,0,0,0,0,1,1,1,1,0,0,0,0,1,1,1,0,0,0,0,0,0,0,0,0,0,0
cricket-batsman-in-action-dorset-england-uk-G3DPW0.jpg,Train,0,0,0,0,0,0,0,0,0,0,0,0,2,0,0,0,0,0,0,2,0,0,0,0,3,3,2,0,0,0,0,0,3,3,2,2,0,0,0,0,3,3,0,0,1,0,0,0,3,3,0,0,0,3,0,0,3,3,0,0,0,0,0,0
annotated_download (48).jpg,Train,0,0,1,1,0,1,0,0,0,1,1,1,1,1,1,1,0,1,1,1,1,1,1,0,0,1,1,1,1,1,1,1,0,1,1,1,1,1,1,0,0,1,1,1,1,1,1,0,0,1,1,1,1,1,1,0,0,0,1,1,1,1,0,0
annotated_3d-shiny-new-test-match-600nw-2449821457 (1).jpg,Train,0,0,0,0,0,0,0,0,0,0,0,1,1,1,0,0,0,0,1,1,1,1,0,0,0,0,1,1,1,1,0,0,0,0,1,1,1,1,0,0,0,0,1,1,1,1,0,0,0,0,1,1,1,0,0,0,0,0,0,0,0,0,0,0
hq720.jpg,Train,0,0,0,0,0,0,0,0,0,0,0,0,2,2,0,0,0,0,0,0,2,2,0,0,0,0,0,0,0,0,0,0,0,0,0,0,0,0,0,0,0,0,0,0,0,0,0,0,0,0,0,0,0,0,0,0,0,0,0,0,0,0,0,0
64d8b8bf7904b412d52d8e46-sportaxis-wooden-cricket-stumps-wickets.jpg,Train,3,2,3,0,0,0,0,0,3,3,3,3,0,0,0,0,3,3,3,3,0,0,0,0,3,3,3,3,0,0,0,0,3,3,3,3,0,0,0,0,3,3,3,3,0,0,0,0,3,3,3,3,0,0,0,0,3,3,3,3,0,0,0,0
ANI-20251109113020.jpg,Train,0,0,0,0,0,0,0,0,0,0,0,0,3,0,0,0,0,0,0,0,3,0,0,0,0,0,0,0,0,0,0,0,0,0,0,0,0,0,0,0,0,0,0,0,0,2,0,0,0,0,0,0,2,2,0,0,0,0,0,0,0,0,0,0
closeup-cricket-equipment-green-grass-field-world-cup-concept-tools-bat-ball-wicket-stamp-helmet-background-399565635.jpg,Train,0,0,0,0,0,0,0,0,0,0,0,0,0,0,0,0,0,0,0,1,1,0,0,0,0,0,0,1,1,2,2,0,0,0,2,0,2,2,0,0,0,2,2,0,2,0,0,0,0,0,2,2,0,0,0,0,0,0,0,0,0,0,0,0
Gu7epg9bEAAd_4N.jpg,Train,0,0,0,0,0,0,0,0,0,0,0,0,0,0,0,0,0,0,2,0,0,0,0,0,0,2,0,0,0,0,0,0,0,0,2,0,0,0,3,3,0,0,0,0,0,0,3,3,0,0,0,0,0,0,3,1,0,0,0,0,0,0,3,0
Gwdt-oDXoAAwjrX.jpg,Train,0,0,0,0,0,0,0,0,0,0,0,0,0,0,0,0,0,0,2,2,0,0,0,0,0,0,0,2,0,0,0,0,0,0,0,3,3,0,0,0,0,0,0,3,3,0,0,0,0,0,0,3,0,0,0,0,0,0,0,0,1,1,0,0
54127.jpg,Train,0,0,2,0,0,0,0,0,0,0,2,3,3,3,0,0,0,0,2,3,3,3,0,0,0,0,0,3,3,3,0,0,0,0,0,3,3,3,0,0,0,0,2,3,3,3,0,0,0,0,0,3,3,3,0,0,0,0,2,3,3,3,0,0
51xKwpMH5OL.jpg,Train,0,0,3,3,3,3,0,0,0,0,3,3,3,3,0,0,0,0,3,3,3,3,0,0,0,0,3,3,3,3,0,0,0,0,3,3,3,3,0,0,0,0,3,3,3,3,0,0,0,0,3,3,3,3,0,0,0,0,3,3,3,3,0,0
rudraym_rm_ak47_bandook_double_blade_light_weight_hard_tennis_scoop_single_blade_cane_singapore_handle_wood_kashmir_willow_cricket_bat_leather_soft_tennis_wood_bat_green.jpg,Train,0,2,2,2,2,2,0,0,0,0,0,2,2,2,2,0,0,2,2,0,2,2,2,0,0,3,2,2,2,2,2,0,0,2,2,2,0,2,0,0,0,2,2,2,2,2,2,0,0,2,2,3,2,2,3,0,0,2,2,0,2,2,2,0
e0175430-c46d-11f0-a55b-1113c6c4401b.jpg,Train,0,0,0,0,0,0,0,0,0,0,0,0,0,0,0,0,0,0,0,0,0,0,0,0,0,0,0,0,0,0,0,0,0,0,0,0,0,0,0,0,0,0,0,0,0,0,0,0,0,0,0,0,0,0,0,0,0,0,0,0,0,0,0,0
annotated_images - 2025-11-15T221726.015.jpg,Train,1,1,1,1,1,1,1,0,1,1,1,1,1,1,1,1,1,1,1,1,1,1,1,1,1,1,1,1,1,1,1,1,1,1,1,1,1,1,1,1,1,1,1,1,1,1,1,1,1,1,1,1,1,1,1,0,0,1,1,1,1,1,1,0
ANI-20251012044302.jpg,Train,0,0,0,2,0,0,0,0,0,0,0,0,0,0,0,0,0,0,0,2,0,0,0,0,0,0,0,0,0,0,0,0,0,0,0,0,0,0,0,0,0,0,0,0,0,3,0,0,0,0,0,0,3,3,0,0,0,0,0,0,3,3,0,0
india-keeper-batter-rishabh-pant-in-action-on-day-03-at-lord-s-test-1752331897754-16_9.jpg,Train,0,0,0,0,0,0,0,0,0,0,0,0,0,0,0,0,0,0,0,0,0,0,0,0,0,0,0,0,0,0,0,3,0,3,0,0,2,2,0,0,0,3,0,0,2,2,0,0,0,3,0,0,2,2,0,0,0,3,3,0,0,0,0,0
annotated_63525e5def2e155f0d1743f2-leather-cricket-ball-a-grade (1).jpg,Train,1,1,1,1,1,1,1,0,0,1,1,1,1,1,1,1,1,1,1,1,1,1,1,1,1,1,1,1,1,1,1,1,1,1,1,1,1,1,1,1,1,1,1,1,1,1,1,1,1,1,1,1,1,1,1,1,1,1,1,1,1,1,1,1
avalon-colure-scoop-single-blade-kashmir-willow-cricket-bat-1-kg-blue-product-images-orvyqfgjhgk-p594417878-2-202210120144.jpg,Train,0,0,2,0,0,2,2,0,0,0,2,2,2,2,2,0,0,2,2,2,2,2,2,0,0,2,2,2,0,2,2,0,0,2,0,0,2,2,2,0,0,2,2,2,2,2,2,0,0,2,2,2,2,2,2,0,0,3,0,2,3,3,2,0
gtn-natural-willow-wood-single-blade-cricket-tennis-bat-product-images-orvraor9tw1-p603031029-0-202307101639.jpg,Train,2,3,0,2,2,0,0,2,0,2,0,2,2,0,2,0,2,2,0,2,2,0,2,2,2,2,0,2,2,0,2,0,2,2,0,2,2,0,2,2,0,2,0,2,2,0,2,2,0,2,0,2,2,0,2,2,2,2,0,2,2,0,2,2
annotated_11_d80cd745-62e0-4cc4-8642-afc2caa96ef7 (1).jpg,Train,0,0,0,0,0,0,0,0,0,0,0,0,0,0,0,0,0,1,1,1,1,1,1,1,1,1,1,1,1,1,1,1,1,1,1,1,1,1,1,0,1,1,1,1,1,1,0,1,1,1,1,1,1,1,1,1,0,0,0,0,0,0,0,0
cricket-stumps-standing-on-a-cricket-pitch-2AY0MXF.jpg,Train,0,0,0,0,0,0,0,0,0,0,0,0,0,0,0,0,0,0,3,3,0,0,0,0,0,0,3,3,0,0,0,0,0,0,3,3,0,0,0,0,0,0,3,3,0,0,0,0,0,0,3,3,0,0,0,0,0,0,0,0,0,0,0,0
146730.jpg,Train,0,0,0,0,0,2,2,0,0,0,0,0,0,2,2,0,0,0,0,0,0,2,0,0,0,0,0,0,0,0,0,0,0,0,0,0,0,0,0,0,0,0,0,0,0,0,0,0,0,0,0,0,0,0,0,0,0,0,0,0,0,0,0,0
close-up-of-cricket-stumps-on-a-traditional-grass-pitch-GPA28R (1).jpg,Train,0,0,3,3,3,3,3,0,0,0,0,3,3,3,3,0,0,0,3,3,3,3,0,0,0,0,0,0,3,3,3,0,0,0,3,3,0,3,3,0,0,0,3,3,3,3,3,0,0,0,3,3,3,3,3,0,0,0,3,3,3,3,3,0
annotated_CountySpecial.jpg,Train,0,0,1,1,1,1,1,0,1,1,1,1,1,1,1,1,1,1,1,1,1,1,1,1,1,1,1,1,1,1,1,1,1,1,1,1,1,1,1,1,1,1,1,1,1,1,1,1,1,1,1,1,1,1,1,1,0,0,1,1,1,1,1,0
cricket-shots (3).jpg,Train,0,0,0,0,0,0,0,0,0,0,0,0,0,0,0,0,0,0,0,2,0,0,0,0,0,0,0,2,0,0,0,0,0,0,0,3,0,0,0,0,0,0,0,3,0,0,0,0,0,0,0,0,0,0,0,0,0,0,0,0,0,0,0,0
rn-image_picker_lib_temp_339c17e7-ff07-420b-aed2-7f8944afb37e.jpg,Train,0,2,2,2,2,2,2,0,0,2,2,2,2,2,0,0,0,2,2,2,2,2,2,0,0,2,2,3,2,2,0,0,0,2,2,2,2,2,2,0,0,2,2,2,2,0,0,0,0,2,2,2,2,2,2,0,0,2,2,2,0,2,0,0
WhatsApp_Image_2024-04-23_at_16.58.52_2.jpg,Train,0,2,0,0,0,0,0,0,0,2,2,0,0,0,0,0,0,2,2,2,0,0,0,0,0,0,2,0,0,0,0,0,0,0,2,2,2,0,0,0,0,0,0,2,2,0,0,0,0,0,0,0,0,0,0,0,0,0,0,0,0,0,0,0
Safsof_rubber-foam-toys_CKS-29_01.jpg,Train,0,0,0,0,0,2,2,0,0,0,0,0,2,2,0,0,0,0,0,0,2,2,0,0,0,0,0,0,2,2,0,0,0,0,0,0,2,2,0,0,0,1,1,2,0,0,0,0,0,1,1,2,2,0,0,0,0,0,1,0,2,0,0,0
annotated_712ACFfhWCL (1).jpg,Train,0,1,1,1,1,1,1,0,1,1,1,1,1,1,1,1,1,1,1,1,1,1,1,1,3,1,1,1,1,1,1,1,1,1,1,1,1,1,1,1,1,1,1,1,1,1,1,1,0,1,1,1,1,1,1,1,0,1,1,1,1,1,1,0
annotated_il_570xN.4270203230_ghiy.jpg,Train,0,0,1,1,1,1,0,0,0,1,1,1,1,1,1,0,0,1,1,1,1,1,1,0,0,1,1,1,1,1,1,1,0,1,1,1,1,1,1,0,0,1,1,1,1,1,1,0,0,1,1,1,1,1,1,0,0,0,1,1,1,1,0,1
9.jpg,Train,0,0,0,0,0,0,0,0,0,0,0,0,0,0,0,0,0,0,2,2,2,2,0,0,0,0,0,2,2,0,0,0,0,0,0,0,0,0,0,0,0,0,0,0,0,0,0,0,0,0,0,0,0,2,0,0,0,0,0,0,0,2,0,0
1739151141_newbarabati-stadium (1).jpg,Train,0,0,0,1,0,0,0,0,0,0,0,0,2,0,0,0,0,0,0,2,0,0,0,0,0,0,0,0,0,0,0,0,0,0,0,0,0,0,0,0,0,0,0,0,0,0,0,0,0,0,0,0,0,0,0,0,0,0,0,0,0,0,0,0
CPPlasticStumps1CricketerPro.jpg,Train,0,0,0,3,3,0,0,0,0,0,0,3,3,0,0,0,0,0,0,3,3,0,0,0,0,0,0,3,3,0,0,0,0,0,0,3,3,0,0,0,0,0,0,3,3,0,0,0,0,0,0,3,3,0,0,0,0,0,0,3,3,3,0,0
annotated_images - 2025-11-15T221726.481.jpg,Train,0,0,0,0,0,0,0,0,0,0,0,1,0,0,0,0,0,0,0,0,1,1,1,0,0,0,0,1,1,1,1,1,0,0,0,1,1,1,1,1,0,0,0,1,1,1,1,1,0,0,0,0,1,1,1,0,0,0,0,0,0,0,0,0
annotated_images - 2025-11-15T221726.071.jpg,Train,0,1,1,1,1,1,1,0,0,1,1,1,1,1,1,0,1,1,1,1,1,1,1,1,0,1,1,1,1,1,1,1,0,1,1,1,1,1,1,1,1,1,1,1,1,1,1,1,0,1,1,1,1,1,1,0,0,1,1,1,1,1,1,0
nairobi-kenya-august-28-kenya-batter-pushkar-sharma-in-action-during-a-training-section-in-preparation-for-international-cricket-council-icc-2XY7WN4.jpg,Train,0,0,0,0,2,0,0,0,0,0,0,0,2,0,0,0,0,0,0,0,2,0,0,0,0,0,0,0,2,1,0,0,0,0,0,0,0,0,0,0,0,0,0,0,0,0,0,0,0,0,0,0,0,0,0,0,0,0,0,0,0,0,0,0
rn-image_picker_lib_temp_85b0cf69-581f-4ac7-9d33-80c1d183976e.jpg,Train,0,0,0,2,2,0,0,0,0,0,0,2,2,0,0,0,0,0,2,2,0,2,0,0,0,0,2,0,2,2,0,0,0,0,2,2,2,2,0,0,0,0,2,2,2,2,0,0,0,0,2,2,2,2,0,0,0,0,2,3,2,0,0,0
annotated_images - 2025-11-15T221726.407.jpg,Train,0,0,0,0,0,0,0,0,0,0,1,1,1,1,0,0,0,1,1,1,1,1,0,1,0,1,1,1,1,1,0,1,0,1,1,1,1,1,0,0,0,0,1,1,1,1,0,0,0,0,1,1,1,0,0,1,0,0,0,0,1,0,0,0
1760078603_cricket.jpg,Train,0,0,0,0,0,0,0,0,0,0,0,0,0,0,0,0,0,0,0,0,0,0,0,3,0,0,0,0,0,0,0,0,0,2,0,0,0,0,0,0,0,2,0,0,0,0,0,0,0,2,0,0,0,0,0,0,0,0,3,3,3,0,0,0
266795 (1).jpg,Train,0,0,0,0,0,0,0,0,0,0,0,0,3,0,0,0,0,0,0,0,0,0,0,2,0,0,0,0,0,0,0,0,0,0,0,0,0,0,0,0,0,0,0,0,0,0,0,0,0,0,0,0,0,0,0,0,0,0,0,0,0,0,0,0
annotated_Cricket_ball_G&M.jpg,Train,0,0,1,1,1,1,1,0,0,0,1,1,1,1,1,0,0,1,1,1,1,1,1,0,0,1,1,1,1,1,1,0,0,1,1,1,1,1,1,0,0,1,1,1,1,1,1,0,0,1,1,1,1,1,1,0,0,1,1,1,1,1,0,0
jos-buttler-scoop-shot (1).jpg,Train,0,0,0,0,0,0,0,0,0,0,0,0,0,0,0,0,0,0,0,0,0,0,0,0,1,0,0,0,0,0,0,0,1,0,2,0,0,0,0,0,0,2,2,0,0,3,3,0,2,0,0,0,0,3,3,0,0,0,0,0,0,0,3,0
cricket-set-featuring-small-bat-ball-single-stump-green-field-288281100.jpg,Train,0,0,3,0,2,0,0,0,0,0,0,3,2,0,0,0,0,0,0,3,0,0,0,0,0,0,3,3,2,0,0,0,0,0,3,0,2,2,0,0,0,0,0,3,2,2,0,0,0,0,3,3,2,2,0,0,0,0,3,0,2,2,0,0
37205930-a-cricket-stadium-with-cricket-pitch-and-set-up-wickets-in-the-daytime-under-a-blue-sky.jpg,Train,0,0,0,0,0,0,0,0,0,0,0,0,0,0,0,0,0,0,0,0,0,0,0,0,0,0,0,0,0,0,0,0,0,0,0,3,3,0,0,0,0,0,0,3,3,0,0,0,0,0,0,3,3,0,0,0,0,0,0,0,3,0,0,0
annotated_download (58).jpg,Train,0,0,1,1,1,1,1,0,0,1,1,1,1,1,1,0,0,1,1,1,1,1,1,0,0,1,1,1,1,1,1,0,0,1,1,1,1,1,1,0,0,1,1,1,1,1,1,1,0,0,1,1,1,1,1,0,0,1,1,1,1,0,0,0
maxresdefault.jpg,Train,0,0,0,0,0,0,0,0,0,0,0,0,0,0,0,0,2,0,0,0,0,0,0,0,2,0,0,0,0,0,0,0,0,0,0,0,0,0,0,0,0,0,0,0,0,0,0,0,2,0,0,0,0,0,0,0,0,0,0,0,0,0,0,0
cricket-stump-1.jpg,Train,0,0,0,0,0,0,0,0,0,0,0,0,0,0,0,0,0,0,0,0,0,0,0,0,0,3,3,0,0,0,0,0,0,3,0,0,0,0,3,0,0,0,0,0,0,0,3,3,0,3,0,0,0,0,3,3,0,0,0,0,0,0,3,3
india-keeper-batter-rishabh-pant-in-action-during-lord-s-test-against-england-1752860568288-16_9.jpg,Train,0,0,0,0,0,0,0,0,0,0,0,2,0,0,0,0,0,0,0,0,0,0,0,0,0,0,3,0,0,0,0,0,0,0,0,0,0,0,0,0,0,0,0,0,0,0,0,0,0,0,0,0,0,0,0,0,0,0,0,0,0,0,0,0
rudraym-rm-single-blade-light-weight-hard-tennis-circle-scoop-kashmir-willow-cricket-bat-orange-119565.jpg,Train,0,0,2,2,2,0,2,0,0,2,2,2,2,0,2,0,0,2,2,2,2,2,2,0,0,2,2,2,2,2,2,0,0,2,2,2,2,2,2,0,0,2,2,2,2,2,2,0,2,2,2,2,2,2,2,2,2,2,2,2,2,2,2,3
annotated_download (45).jpg,Train,0,0,1,1,1,1,0,0,0,1,1,1,1,1,0,0,0,0,1,1,1,1,1,0,0,1,1,1,1,1,1,0,0,1,1,1,1,1,1,0,0,1,1,1,1,1,1,0,0,0,1,1,1,1,0,0,0,0,0,1,1,0,0,0
annotated_cricket-background-7k8utxnst1k196aa.jpg,Train,0,0,0,1,1,0,1,0,0,1,0,1,0,1,0,1,1,1,1,1,1,0,1,1,0,0,1,1,1,1,1,1,0,0,1,1,1,1,1,1,0,0,1,1,1,1,1,1,0,0,0,1,1,1,1,1,0,0,0,1,1,1,1,0
close-up-view-of-cricket-stumps-on-a-cricket-pitch-2AY0MWK (1).jpg,Train,0,0,0,0,0,0,0,0,0,0,0,0,0,0,0,0,0,0,0,0,0,0,0,0,0,3,0,3,3,0,0,0,0,3,3,3,3,0,0,0,0,3,3,3,3,0,0,0,0,3,3,3,3,0,0,0,0,3,0,3,3,0,0,0
annotated_8542-Vinex-Cricket-Ball-Match (1).jpg,Train,0,0,1,1,0,1,0,0,0,1,0,1,1,1,0,0,0,1,1,1,1,1,1,0,0,1,1,1,1,1,1,0,0,0,1,1,1,1,1,0,0,1,1,1,1,1,0,0,0,0,1,1,1,1,0,0,0,0,0,0,0,0,0,0
WhatsApp_Image_2023-09-08_at_04.23.15 (1).jpg,Train,0,0,0,0,0,0,2,2,0,0,0,0,0,0,0,0,0,0,2,0,0,0,0,0,0,0,2,2,0,0,0,0,0,0,0,0,0,0,0,0,0,0,0,0,0,0,0,0,0,0,0,0,0,0,0,0,0,0,0,0,0,0,0,0
Innovative-Cricket-Shots-Invented-by-Players-1 (1).jpg,Train,0,0,0,0,0,0,0,0,0,0,0,0,0,0,0,0,0,0,0,3,0,0,0,0,0,0,0,0,0,0,0,0,0,0,0,0,3,0,0,0,0,0,2,0,0,0,0,0,2,2,2,3,3,0,0,0,0,0,0,0,0,0,0,0
annotated_cricket_ball (1).jpg,Train,0,0,0,0,0,0,0,0,0,0,0,0,1,0,0,0,0,0,0,0,1,1,1,0,0,0,0,1,1,1,1,1,0,1,0,1,1,1,1,1,0,1,0,1,1,1,1,1,0,0,0,1,1,1,1,1,0,0,0,0,1,1,1,0
annotated_635d5213a4406d5b2373ffe5-cricnix-cricket-ball-premier-red-leather (1).jpg,Train,1,1,1,1,1,1,1,1,1,1,1,1,1,1,1,1,1,1,1,1,1,1,1,1,1,1,1,1,1,1,1,1,1,1,1,1,1,1,1,1,1,1,1,1,1,1,1,1,0,1,1,1,1,1,1,1,0,1,1,1,1,1,1,0
annotated_images - 2025-11-15T221726.293.jpg,Train,1,1,1,1,1,1,1,0,1,1,1,1,1,1,1,1,1,1,1,1,1,1,1,1,1,1,1,1,1,1,1,1,0,0,1,1,1,1,1,1,1,1,1,1,1,1,1,1,1,1,1,1,1,1,1,0,0,0,1,1,1,1,1,0
51N4osZp-rL.jpg,Train,0,0,0,0,0,0,0,0,0,0,0,0,0,0,0,0,0,0,0,0,0,0,0,0,0,0,3,3,0,0,0,0,0,0,3,3,0,0,0,0,0,0,3,3,0,0,0,0,0,0,3,3,0,0,0,0,0,0,0,3,0,0,0,0
annotated_cricket-pictures-5aqknjy9kdqyyzdr.jpg,Train,0,0,0,0,1,0,0,0,0,0,1,0,0,0,0,0,0,1,1,1,1,0,0,0,0,1,1,1,0,0,0,1,0,1,1,1,0,0,0,0,0,0,0,0,0,0,0,0,0,0,1,0,0,0,0,0,0,1,1,1,0,0,1,0
henry-nicholls-in-action-against-bangladesh-appti-100309511-16x9_0.jpg,Train,0,0,0,0,0,0,0,0,0,0,0,0,0,0,0,0,0,0,0,0,0,0,2,2,0,0,0,0,0,0,2,0,0,0,0,0,0,0,0,0,0,0,0,0,0,0,0,0,0,0,0,0,0,0,0,0,0,0,0,0,0,0,0,0
types-of-cricket-shots (1).jpg,Train,0,0,0,0,0,0,0,0,0,0,0,2,2,0,0,0,0,0,0,0,0,0,0,0,0,0,0,0,0,0,0,0,0,0,0,0,0,0,0,0,0,0,0,0,0,0,0,3,0,0,0,0,0,0,0,3,0,0,0,0,0,0,0,3
cricket-play-in-digital-image-a53s9dpk2zv26l6r.jpg,Train,0,0,0,0,0,2,0,0,0,0,0,0,0,2,2,0,0,0,0,0,0,0,2,0,0,0,0,0,0,0,0,0,0,0,1,1,0,0,0,0,0,0,1,0,0,0,0,0,0,0,1,1,0,0,0,0,0,0,0,0,0,0,0,0
a-dove-holes-batsman-in-action-in-the-match-between-dove-holes-and-mottram-WA4ET9.jpg,Train,0,0,0,0,0,0,0,0,0,0,0,0,0,0,0,0,0,0,0,0,0,0,0,0,0,0,0,2,0,0,0,0,3,0,0,2,0,0,0,0,3,1,0,2,0,0,0,0,0,0,0,0,0,0,0,0,0,0,0,0,0,0,0,0
GwjlRktXoAEjZbE.jpg,Train,0,0,0,0,0,0,0,0,0,0,2,0,0,0,0,0,0,0,2,0,0,0,0,0,0,2,2,0,0,0,0,0,0,0,0,0,0,0,0,0,0,0,0,0,0,0,3,0,0,0,0,0,0,3,3,3,0,0,0,0,0,0,3,0
single-teal-cricket-bat-textured-grip-white-background-399971957.jpg,Train,2,2,2,0,0,0,0,0,0,2,0,2,0,0,0,0,0,2,2,2,0,0,0,0,0,0,2,2,2,0,0,0,0,0,2,2,2,2,0,0,0,0,0,2,2,2,0,0,0,0,0,0,2,0,2,0,0,0,0,0,0,2,2,0
05pant.jpg,Train,0,0,0,0,0,0,0,0,0,0,2,2,2,2,0,0,0,0,0,0,0,0,0,0,0,0,0,0,0,0,0,0,0,0,0,0,0,0,0,0,0,0,0,0,0,0,0,0,0,0,0,0,0,0,0,0,0,0,0,0,0,0,0,0
annotated_CANNON-500-RED_1-ECOM (1).jpg,Train,0,0,0,1,1,1,0,0,0,0,1,1,1,1,0,0,0,1,1,1,1,1,1,0,0,1,1,1,1,1,1,0,0,1,1,1,1,1,1,0,0,1,1,1,1,1,1,0,0,1,1,1,1,1,1,0,0,0,0,1,1,1,0,0
G-Ajitesh.jpg,Train,0,0,0,0,2,2,0,0,0,0,0,0,2,0,0,0,0,0,0,2,0,2,0,0,0,0,0,0,0,2,0,0,0,0,0,0,0,0,0,0,0,0,0,0,0,0,0,0,0,3,0,0,0,0,0,0,0,3,0,0,0,0,0,0
cricket-practice-batmen-bowlers-bowling-action-netts-HRJKJ4.jpg,Train,0,0,0,0,0,0,0,0,0,0,0,0,0,0,0,0,0,0,0,0,0,0,0,0,0,3,0,2,0,2,0,0,3,3,3,2,0,0,0,0,3,3,0,0,0,0,0,0,0,0,3,0,0,0,0,0,0,0,0,0,0,0,0,0
G5xnsflbUAAgQRO.jpg,Train,0,0,1,2,2,0,0,0,0,0,0,2,2,0,0,0,0,0,0,0,0,0,0,0,0,0,0,0,0,0,0,0,0,0,0,3,0,0,0,0,0,0,0,3,0,0,0,0,0,0,0,3,0,0,0,0,0,0,0,0,0,0,0,0
close-up-cricket-player-bowled-out-batsman-bails-his-stump-flying-air-53720985.jpg,Train,0,0,0,0,0,0,0,0,0,0,0,0,0,0,0,0,0,0,0,0,0,0,0,0,0,3,0,0,0,0,2,0,0,3,3,0,0,0,2,0,0,3,0,0,0,0,2,0,0,3,3,0,0,0,2,0,0,0,0,0,0,0,0,0
BLASTERSTUMPSET_5.jpg,Train,0,0,0,0,0,0,0,0,3,3,0,0,0,0,0,0,3,3,0,3,3,0,3,3,3,3,0,3,3,0,0,3,3,3,0,3,0,0,3,3,3,3,0,3,0,0,0,0,3,3,0,3,3,0,0,0,3,3,0,3,3,0,0,0
cricket-ball-hitting-wicket-stumps-knocking-bails-out-against-blue-sky-background-bails-fly-from-cricket-stumps-as-ball-hits-on-grass-field-close-up-2WNX75J.jpg,Train,0,0,0,0,0,0,0,0,0,0,0,0,0,0,0,0,0,0,0,0,0,0,0,0,0,0,0,3,3,3,0,0,0,0,0,3,3,3,0,0,0,0,0,3,3,3,0,0,0,0,0,3,3,0,0,0,0,0,0,3,3,3,0,0
annotated_images - 2025-11-15T221726.189.jpg,Train,0,0,1,1,0,0,0,0,0,1,1,1,1,0,1,0,0,0,1,1,1,0,0,0,0,0,1,1,1,1,0,0,0,0,0,0,0,0,0,0,0,0,0,0,0,1,0,0,0,0,0,0,1,0,0,0,0,0,0,0,0,0,0,0
annotated_download (64).jpg,Train,0,0,0,1,1,0,0,0,0,0,1,1,1,1,0,0,0,0,1,1,1,1,0,0,0,1,1,1,1,1,1,0,0,1,1,1,1,1,1,0,0,0,1,1,1,1,0,0,0,0,1,1,1,1,0,0,0,0,0,0,0,0,0,0
cricket-batsman-in-action-2JD29XJ.jpg,Train,0,0,0,0,0,0,0,0,0,0,2,0,0,0,0,0,0,0,0,2,0,0,0,0,3,0,0,0,0,0,0,0,3,0,0,0,0,0,3,3,3,1,0,0,0,0,3,0,0,0,0,0,0,0,3,3,0,0,0,0,0,0,0,0
zndz9afh3drxw54k_1642605650 (1).jpg,Train,0,0,0,0,0,0,0,0,0,0,0,0,0,0,0,0,0,0,0,0,0,0,0,0,0,0,0,0,0,0,0,0,0,0,2,0,0,0,0,0,0,0,2,0,0,1,0,0,0,0,2,0,0,0,0,0,0,0,0,0,0,0,0,0
4138RahOWCL.jpg,Train,0,0,0,3,3,3,0,0,0,0,0,3,3,3,0,0,0,0,0,3,3,3,0,0,0,0,0,3,3,3,0,0,0,0,0,3,3,3,0,0,0,0,0,3,3,3,0,0,0,0,0,3,3,3,0,0,0,0,0,0,3,3,0,0
Single-Blade-Cricket-Bat-2.jpg,Train,0,0,0,2,2,0,0,0,0,0,0,2,0,0,0,0,0,0,0,2,2,0,0,0,0,0,0,0,2,0,0,0,0,0,0,2,2,0,0,0,0,0,0,2,2,0,0,0,0,0,0,2,2,0,0,0,0,0,0,2,2,0,0,0
annotated_download (57).jpg,Train,0,0,0,1,1,0,0,0,0,0,1,1,1,1,0,0,0,1,1,1,1,1,1,0,0,1,1,1,1,1,1,0,0,1,1,1,1,1,1,0,0,1,1,1,1,1,1,0,0,0,1,1,1,1,0,0,0,0,0,1,1,0,0,0
close-up-of-wicket-keeper-standing-by-stumps-during-match-on-sunny-J84HCB (1).jpg,Train,0,0,0,0,0,0,0,0,0,0,0,0,0,0,0,0,0,0,0,3,0,3,3,0,0,0,0,3,3,3,0,0,0,0,0,3,3,3,3,0,0,0,0,3,3,3,3,0,0,0,0,0,3,3,3,0,0,0,0,0,3,3,3,0
289956.11 (1).jpg,Train,0,0,0,0,0,0,0,0,0,0,0,0,0,0,0,0,2,1,0,0,0,0,0,0,2,0,0,0,0,0,0,0,0,0,0,0,0,0,3,3,0,0,0,0,0,0,3,3,0,0,0,0,0,0,3,3,0,0,0,0,0,0,0,3
Arshdeep-Singh-LED-Stumps.jpeg-1.jpg,Train,0,0,0,0,0,0,0,0,0,0,0,0,0,0,0,0,0,0,0,0,3,0,0,0,0,0,0,0,3,0,3,0,0,0,0,0,0,0,3,0,3,0,0,0,0,0,3,0,0,3,0,0,3,0,0,0,0,0,0,0,3,3,3,0
phil-salt-2025-07-076840d68aefcdf2d95686e1cb51d8b1-1200x675.jpg,Train,0,0,0,0,0,0,0,0,0,0,0,0,0,0,0,0,0,0,0,0,0,0,0,0,0,0,0,0,0,2,2,0,0,0,0,0,0,0,2,2,0,0,0,0,0,0,2,2,0,0,0,0,0,0,0,2,0,0,0,0,0,0,0,0
CAmoadi750_17.jpg,Train,0,0,0,2,3,0,0,0,0,0,0,2,2,0,0,0,0,0,0,2,2,0,0,0,0,0,0,2,0,0,0,0,0,0,0,2,2,0,0,0,0,0,0,2,2,0,0,0,0,0,0,2,3,0,0,0,0,0,0,2,2,0,0,0
back-foot-shots-in-cricket-1 (1).jpg,Test,0,0,0,0,0,0,0,0,0,0,0,0,0,0,0,0,0,0,0,0,0,0,0,0,0,0,0,0,0,2,0,0,3,0,0,0,0,2,0,0,3,0,0,0,0,0,0,0,0,0,0,0,0,0,0,0,3,1,0,0,0,0,0,0
2_05_Bairstow_out.jpg,Test,0,0,0,0,0,0,0,3,0,0,0,0,0,0,0,0,0,0,0,0,0,0,0,0,0,0,0,0,0,0,0,0,0,0,0,0,0,0,2,0,0,0,0,0,2,2,0,0,0,0,0,2,2,0,0,0,0,0,0,0,0,0,0,0
71eAz0uJqKL.jpg,Test,0,0,0,0,2,0,0,0,0,0,2,2,2,0,0,0,0,0,2,2,2,0,0,0,0,0,2,2,2,2,0,0,0,0,3,0,2,2,0,0,0,0,2,2,2,3,0,0,0,0,2,0,2,2,0,0,0,0,2,2,2,3,0,0
Gwtf68qaIAANPjp.jpg,Test,0,0,0,0,2,2,0,0,0,0,0,0,0,0,0,0,0,0,0,0,0,0,0,0,0,0,0,0,0,0,0,0,0,0,0,0,0,0,0,0,0,0,0,0,0,0,0,0,0,0,0,0,0,0,0,0,0,0,0,0,0,0,0,0
cricket-helmet-bat-ball-green-grass-field-closeup-equipment-tools-373048786.jpg,Test,0,0,0,0,0,3,3,3,0,0,0,0,0,3,3,3,0,0,3,3,2,2,3,0,0,0,3,3,2,2,3,0,0,0,0,2,2,0,3,3,0,0,1,2,2,0,0,0,0,0,0,2,2,0,0,0,0,0,1,0,1,1,0,0
cricket-ball-and-stumps-on-grass-pitch-england-uk-CXKR9J (1).jpg,Test,0,0,0,0,0,3,3,0,0,0,0,0,0,3,3,0,0,0,0,0,0,3,3,0,0,0,0,0,0,3,3,0,0,0,0,0,0,3,3,0,0,0,0,0,0,0,1,0,0,0,0,0,0,0,0,0,0,0,0,0,0,0,0,0
annotated_download (55).jpg,Test,0,1,0,1,1,1,1,0,1,1,1,1,1,1,1,1,1,1,1,1,1,1,1,1,1,1,1,1,1,1,1,1,1,1,1,1,1,1,1,1,1,1,1,1,1,1,1,1,0,1,1,1,1,1,1,0,0,1,1,1,1,1,1,0
joe-root-in-action-against-india-in-hyderabad-reuters-253545582-16x9_0.jpg,Test,0,0,0,0,0,0,0,0,0,0,0,0,0,0,0,0,2,0,0,0,0,0,0,0,2,2,0,0,0,0,0,0,0,2,2,0,0,0,0,0,0,0,0,0,0,0,0,0,0,0,0,0,0,0,0,0,0,0,0,0,0,0,0,0
maxresdefault (2).jpg,Test,0,0,0,0,0,0,0,0,0,0,0,0,0,2,0,0,0,0,0,0,2,0,0,0,0,0,0,0,2,0,0,0,0,0,0,0,0,0,0,0,0,0,0,2,0,0,0,0,0,0,0,0,0,0,0,0,0,0,0,0,0,0,0,0
annotated_41POwIM+VxL (1).jpg,Test,0,1,0,1,1,1,0,0,0,1,1,1,1,1,1,0,0,1,1,1,1,1,1,0,0,1,1,1,1,1,1,0,0,1,1,1,1,1,1,0,0,1,1,1,1,1,1,0,0,0,1,1,1,0,1,0,0,0,1,1,1,1,0,0
annotated_download (50).jpg,Test,0,0,0,0,0,0,0,0,0,0,1,1,1,1,0,0,0,0,1,1,1,1,0,0,0,0,1,1,1,1,0,0,0,0,1,1,1,1,0,0,0,0,1,1,1,1,0,0,0,0,1,1,1,0,0,0,0,0,0,0,0,0,0,0
rohit-sharma-getty-1577360042 (1).jpg,Test,0,0,0,0,0,0,0,0,0,0,0,0,0,0,0,0,0,0,0,2,0,0,0,0,0,0,0,2,0,0,0,0,0,0,0,3,3,0,0,0,0,0,0,3,0,0,0,0,0,0,0,3,3,0,0,0,0,0,0,3,3,0,0,0
india-batter-kl-rahul-in-action-during-the-anderson-tendulkar-trophy-2025-1758805449571-16_9.jpg,Test,0,0,0,0,0,0,0,0,0,2,0,0,0,0,0,0,0,2,2,0,0,0,0,0,0,0,0,0,0,0,0,0,0,0,0,0,0,0,3,0,0,0,0,0,0,0,3,0,0,0,0,0,0,0,3,0,0,0,0,0,0,0,3,0
annotated_HD-wallpaper-cricket-bat-with-a-ball-on-the-grass-cricket-bat.jpg,Test,1,1,1,1,1,1,1,1,1,1,1,1,1,1,1,1,1,1,1,1,1,1,1,1,1,1,1,1,1,1,1,1,1,1,0,1,1,1,1,1,1,1,1,1,1,1,1,1,1,1,0,1,1,1,1,1,1,1,1,1,1,1,1,1
sarfaraz-khan-1600_20251024145836.jpg,Test,0,2,0,0,0,0,0,0,0,2,2,0,0,0,0,0,0,0,2,0,0,0,0,0,0,0,0,0,0,0,0,0,0,0,0,0,0,0,0,0,0,0,3,0,0,0,0,0,0,0,0,0,0,0,0,0,0,0,3,0,0,0,0,0
nic-maddinson-cancer.jpg,Test,0,0,0,0,0,0,0,0,0,0,0,0,0,0,0,0,0,0,0,0,0,0,0,0,0,0,0,0,0,0,0,0,0,0,0,0,3,3,0,0,0,0,0,0,3,0,0,0,0,0,0,0,3,3,0,0,0,0,0,0,3,3,0,0
annotated_cricket-ball1_1580291060 (1).jpg,Test,0,1,1,1,1,1,1,0,0,1,1,1,1,1,1,1,0,1,1,1,1,1,1,0,0,1,1,1,1,1,1,1,1,1,1,1,1,1,1,1,1,1,1,1,1,1,1,1,0,1,1,1,1,1,1,0,0,1,1,1,1,1,1,0
grains_800x.jpg,Test,0,0,0,0,2,2,0,0,0,0,0,2,2,2,0,0,0,0,0,2,2,0,0,0,0,0,0,0,2,2,0,0,0,0,2,2,2,0,0,0,0,0,2,2,2,0,0,0,0,0,0,2,2,0,0,0,0,2,2,0,0,0,0,0
annotated_images - 2025-11-15T221726.045.jpg,Test,0,0,1,1,1,0,0,0,0,0,1,1,1,0,0,0,0,0,1,1,1,0,0,0,0,0,1,1,1,0,0,0,0,0,0,0,1,0,1,0,0,0,0,0,0,0,0,0,0,0,0,0,0,0,0,0,0,0,0,0,0,0,0,0
annotated_download (53).jpg,Test,0,0,0,0,0,0,0,0,0,0,1,1,1,0,0,0,0,0,1,1,1,1,0,0,0,1,1,1,1,1,0,0,0,1,1,1,1,1,0,0,0,1,1,1,1,1,0,0,0,0,1,1,1,1,0,0,0,0,0,0,0,0,0,0
cricket-batter-batting-style-vector-bring-excitement-to-your-designs-dynamic-illustration-action-perfect-373093812.jpg,Test,0,0,0,0,2,2,0,0,0,0,0,0,0,2,0,0,0,0,0,0,0,0,2,0,0,0,0,0,0,0,0,0,0,0,0,0,0,0,0,0,0,0,0,0,0,0,0,0,0,0,0,0,0,0,0,0,0,0,0,0,0,0,0,0
3-9.jpg,Test,0,0,0,0,0,0,0,0,0,0,0,0,0,0,0,0,0,0,0,0,0,0,0,0,0,0,0,0,0,0,0,0,0,0,3,3,0,0,0,0,0,0,3,3,0,0,0,0,0,0,3,3,0,0,0,0,0,0,0,3,0,0,0,0
E80AE9F40CA8ED9192D2FD0CD7_1716625293114.jpg,Test,0,0,3,3,3,3,0,0,0,0,0,3,3,3,0,0,0,0,3,3,3,3,0,0,0,0,0,3,3,0,0,0,0,0,0,3,3,3,0,0,0,0,0,3,3,3,0,0,0,0,0,3,3,3,0,0,0,0,0,0,0,0,0,0
avalon-colure-scoop-single-blade-kashmir-willow-cricket-bat-1-kg-blue-product-images-orvyqfgjhgk-p594417878-0-202210120144.jpg,Test,0,0,0,2,2,0,0,0,0,0,0,2,2,0,0,0,0,0,0,2,0,0,0,0,0,0,0,2,2,0,0,0,0,0,0,2,2,0,0,0,0,0,0,2,2,0,0,0,0,0,0,2,2,0,0,0,0,0,0,0,2,0,0,0
annotated_download (49).jpg,Test,0,0,0,1,1,1,0,0,0,1,1,1,1,1,1,0,0,1,1,1,1,1,1,0,0,1,1,1,1,1,1,0,0,1,1,1,1,1,1,0,0,1,1,1,1,1,1,0,0,1,1,1,1,1,1,0,0,0,1,1,1,1,0,0
annotated_download (42).jpg,Test,0,0,0,1,1,1,0,0,0,1,1,1,1,1,1,0,0,1,1,1,1,1,1,0,0,1,1,1,1,1,1,0,0,1,1,1,1,1,1,0,0,1,1,1,1,1,1,0,0,1,1,1,1,1,1,0,0,0,0,1,1,1,0,0
annotated_images - 2025-11-15T221726.130.jpg,Test,0,0,0,0,0,0,0,0,0,0,0,0,0,0,0,0,0,0,0,0,0,0,0,0,0,0,0,0,0,0,0,0,0,1,1,1,1,0,0,0,0,1,1,1,1,1,0,0,0,1,1,1,1,1,0,0,0,1,1,1,1,1,0,0
annotated_download (51).jpg,Test,0,1,1,1,1,1,1,0,1,1,1,1,1,1,1,1,1,1,1,1,1,1,1,1,1,1,1,1,1,1,1,1,1,1,1,1,1,1,1,1,0,1,1,1,1,1,1,1,1,1,1,1,1,1,1,0,0,1,1,1,1,1,1,0
cricket-batter-in-action-2JGPPA5.jpg,Test,0,0,0,0,0,0,0,0,0,0,0,0,0,1,0,0,0,0,0,0,2,0,0,0,0,0,0,0,0,0,0,0,0,0,0,0,0,0,0,0,0,0,0,0,0,0,0,0,0,0,0,0,0,0,0,0,0,0,0,0,0,0,0,0
Cricket-Shots (1).jpg,Test,0,0,3,0,0,0,0,0,0,0,2,0,0,0,0,0,0,2,0,0,0,0,0,0,0,0,0,0,0,0,0,0,0,0,0,0,0,0,0,0,0,0,0,0,0,0,0,0,0,0,0,0,0,0,0,0,0,0,0,0,0,0,0,0
1763440851_new-project-9 (1).jpg,Test,0,2,0,0,0,0,0,0,0,0,0,1,0,0,0,0,0,0,0,1,0,0,0,0,0,0,0,0,0,0,0,0,0,0,0,0,2,0,0,0,0,0,0,0,0,0,0,0,0,0,0,0,0,2,0,0,0,0,0,0,0,2,2,0
38a127fff03644b28dc2d38e56381cb6-38a127fff03644b28dc2d38e56381cb6-0_1632740350347.jpg,Test,0,0,0,0,0,0,0,0,0,0,0,0,0,0,0,0,0,0,0,0,1,2,2,0,0,0,0,0,0,2,0,0,0,0,0,0,0,0,0,0,0,0,0,3,3,0,0,0,0,0,0,3,3,0,0,0,0,0,0,3,3,0,0,0
annotated_cricket-ball (1).jpg,Test,0,0,0,1,1,1,0,0,0,0,1,1,1,1,1,1,0,0,1,1,1,1,1,1,0,0,1,1,1,1,1,1,0,0,1,1,1,1,1,1,0,0,1,1,1,1,1,1,0,0,1,1,1,1,1,0,0,0,0,1,1,1,0,0
annotated_download (66).jpg,Test,1,1,1,1,1,1,1,0,1,1,1,1,1,1,1,0,1,1,1,1,1,1,1,0,1,1,1,1,1,1,1,0,1,1,1,1,1,1,1,0,1,1,1,1,1,1,1,0,1,1,1,1,1,1,1,0,1,1,1,1,1,1,0,0
G4xYtCWbsAAoxYR.jpg,Test,0,0,0,0,0,0,0,0,0,0,0,0,0,1,0,0,0,0,0,0,2,0,0,0,0,0,0,0,2,0,0,0,0,0,0,0,2,0,0,0,0,0,0,3,0,0,0,0,0,0,0,3,0,0,0,0,0,0,0,3,0,0,0,0
close-up-of-cricket-stumps-D2E9CF.jpg,Test,0,0,0,0,0,0,0,0,0,3,3,0,0,0,0,0,0,3,3,3,3,0,0,0,0,3,0,3,3,3,0,0,0,0,0,0,3,3,3,0,0,0,0,0,3,3,0,3,0,0,0,0,0,3,3,0,0,0,0,0,0,0,0,0
cricket-stumps-and-pitch-wankhede-stadium-bombay-mumbai-maharashtra-DH2WT4 (1).jpg,Test,0,0,0,0,0,0,0,0,0,0,0,0,0,0,0,0,0,0,0,0,0,0,0,0,0,0,0,3,3,0,0,0,0,0,0,3,3,0,0,0,0,0,0,0,3,0,0,0,0,0,0,3,3,0,0,0,0,0,0,0,0,0,0,0
Cricket-stumps-balls-dimensions.jpg,Test,0,0,0,0,0,0,0,0,3,3,3,0,0,0,3,0,3,3,3,0,0,0,3,0,3,3,3,0,0,0,3,0,3,3,3,0,0,0,3,0,3,3,3,0,0,0,3,0,3,3,3,0,0,0,3,0,0,3,3,0,0,0,0,0
illustration-of-one-cricket-bat-with-wickets-and-a-blank-gold-banner-M1PT4P.jpg,Test,0,0,0,3,3,3,2,0,0,0,0,3,3,3,2,0,0,0,0,3,3,2,2,0,0,0,0,3,2,2,0,0,0,0,0,2,2,3,0,0,0,0,2,2,1,3,0,0,0,0,2,0,0,3,0,0,0,0,0,1,0,0,0,0
annotated_f284421de1e35dd6dc1ddaa3397cf219.jpg,Test,0,1,1,1,1,1,1,1,0,1,1,1,1,1,1,1,0,1,1,1,1,1,1,1,0,1,1,1,1,1,1,1,0,1,1,1,1,1,1,1,0,0,1,1,1,1,1,1,0,1,1,1,1,0,0,0,0,0,0,1,1,0,0,0
annotated_HD-wallpaper-cricket-ka-ball-on-the-bat-cricket-ka-bat-ball-ground.jpg,Test,0,0,1,0,0,0,0,0,0,0,0,1,1,0,0,0,0,0,1,1,1,1,0,0,0,0,1,1,1,1,0,0,0,0,1,1,1,1,0,0,0,2,1,1,1,1,2,2,2,2,1,1,1,1,2,2,2,1,2,2,2,1,1,2
