Date,Year,Ground,Opposition,Inns,Pos,Runs,BF,4s,6s,SR,Dismissal,NotOut
2007-06-23,2007,Belfast,Ireland,2.0,,,,,,,-,0
2007-06-26,2007,Belfast,South Africa,1.0,7.0,8.0,9.0,0.0,0.0,88.88,bowled,0
2007-10-05,2007,Hyderabad,Australia,2.0,7.0,1.0,4.0,0.0,0.0,25.0,caught,0
2007-11-18,2007,Jaipur,Pakistan,2.0,5.0,52.0,61.0,3.0,1.0,85.24,caught,0
2008-02-03,2008,Brisbane,Australia,1.0,4.0,29.0,43.0,5.0,0.0,67.44,caught,0
2008-02-05,2008,Brisbane,Sri Lanka,1.0,5.0,0.0,2.0,0.0,0.0,0.0,caught,0
2008-02-10,2008,Melbourne,Australia,2.0,6.0,39.0,61.0,2.0,0.0,63.93,not out,1
2008-02-12,2008,Canberra,Sri Lanka,1.0,4.0,70.0,64.0,6.0,1.0,109.37,not out,1
2008-02-17,2008,Adelaide,Australia,2.0,4.0,1.0,3.0,0.0,0.0,33.33,caught,0
2008-02-19,2008,Adelaide,Sri Lanka,2.0,4.0,24.0,36.0,1.0,0.0,66.66,caught,0
2008-02-24,2008,Sydney,Australia,2.0,4.0,1.0,3.0,0.0,0.0,33.33,caught,0
2008-02-26,2008,Hobart,Sri Lanka,2.0,5.0,3.0,7.0,0.0,0.0,42.85,not out,1
2008-03-02,2008,Sydney,Australia,2.0,5.0,66.0,87.0,6.0,0.0,75.86,bowled,0
2008-03-04,2008,Brisbane,Australia,1.0,6.0,2.0,5.0,0.0,0.0,40.0,caught,0
2008-06-10,2008,Mirpur,Pakistan,1.0,5.0,9.0,27.0,0.0,0.0,33.33,bowled,0
2008-06-12,2008,Mirpur,Bangladesh,2.0,3.0,26.0,43.0,1.0,1.0,60.46,caught,0
2008-06-14,2008,Mirpur,Pakistan,2.0,3.0,24.0,27.0,5.0,0.0,88.88,caught,0
2008-06-25,2008,Karachi,Hong Kong,1.0,3.0,11.0,29.0,0.0,0.0,37.93,run out,0
2008-06-26,2008,Karachi,Pakistan,2.0,6.0,0.0,1.0,0.0,0.0,0.0,not out,1
2008-06-28,2008,Karachi,Bangladesh,2.0,3.0,22.0,23.0,2.0,0.0,95.65,caught,0
2008-07-02,2008,Karachi,Pakistan,1.0,6.0,58.0,71.0,4.0,0.0,81.69,caught,0
2008-07-03,2008,Karachi,Sri Lanka,2.0,6.0,22.0,28.0,2.0,0.0,78.57,not out,1
2008-07-06,2008,Karachi,Sri Lanka,2.0,6.0,3.0,8.0,0.0,0.0,37.5,lbw,0
2008-08-18,2008,Dambulla,Sri Lanka,1.0,5.0,19.0,31.0,1.0,1.0,61.29,caught,0
2008-08-20,2008,Dambulla,Sri Lanka,2.0,6.0,0.0,2.0,0.0,0.0,0.0,lbw,0
2008-08-24,2008,Colombo (RPS),Sri Lanka,1.0,7.0,32.0,32.0,3.0,0.0,100.0,caught,0
2008-08-27,2008,Colombo (RPS),Sri Lanka,1.0,6.0,18.0,23.0,0.0,0.0,78.26,caught,0
2008-08-29,2008,Colombo (RPS),Sri Lanka,2.0,5.0,3.0,5.0,0.0,0.0,60.0,lbw,0
2008-11-14,2008,Rajkot,England,1.0,7.0,11.0,8.0,1.0,0.0,137.5,not out,1
2008-11-17,2008,Indore,England,1.0,4.0,3.0,13.0,0.0,0.0,23.07,caught,0
2008-11-20,2008,Kanpur,England,2.0,4.0,28.0,41.0,3.0,0.0,68.29,caught,0
2008-11-26,2008,Cuttack,England,2.0,6.0,8.0,10.0,1.0,0.0,80.0,not out,1
2009-01-28,2009,Dambulla,Sri Lanka,2.0,6.0,25.0,30.0,3.0,0.0,83.33,not out,1
2009-02-05,2009,Colombo (RPS),Sri Lanka,1.0,7.0,4.0,6.0,0.0,0.0,66.66,not out,1
2009-02-08,2009,Colombo (RPS),Sri Lanka,2.0,5.0,15.0,22.0,1.0,0.0,68.18,caught,0
2009-03-11,2009,Hamilton,New Zealand,2.0,,,,,,,-,0
2009-03-14,2009,Auckland,New Zealand,1.0,4.0,43.0,74.0,1.0,1.0,58.1,not out,1
2009-06-26,2009,Kingston,West Indies,1.0,3.0,4.0,12.0,0.0,0.0,33.33,caught,0
2009-06-28,2009,Kingston,West Indies,1.0,3.0,0.0,2.0,0.0,0.0,0.0,caught,0
2009-07-03,2009,Gros Islet,West Indies,2.0,5.0,11.0,9.0,0.0,0.0,122.22,caught,0
2009-07-05,2009,Gros Islet,West Indies,,,,,,,,-,0
2010-02-27,2010,Ahmedabad,South Africa,2.0,4.0,48.0,61.0,3.0,0.0,78.68,caught,0
2010-05-28,2010,Bulawayo,Zimbabwe,1.0,4.0,114.0,119.0,6.0,4.0,95.79,caught,0
2010-05-30,2010,Bulawayo,Sri Lanka,2.0,4.0,101.0,100.0,6.0,2.0,101.0,not out,1
2010-06-03,2010,Harare,Zimbabwe,1.0,4.0,13.0,25.0,0.0,0.0,52.0,run out,0
2010-06-05,2010,Harare,Sri Lanka,1.0,5.0,32.0,40.0,1.0,0.0,80.0,bowled,0
2010-06-16,2010,Dambulla,Bangladesh,2.0,4.0,0.0,1.0,0.0,0.0,0.0,lbw,0
2010-06-19,2010,Dambulla,Pakistan,2.0,5.0,22.0,24.0,2.0,0.0,91.66,lbw,0
2010-06-22,2010,Dambulla,Sri Lanka,1.0,4.0,69.0,73.0,7.0,0.0,94.52,run out,0
2010-06-24,2010,Dambulla,Sri Lanka,1.0,5.0,41.0,52.0,3.0,0.0,78.84,caught,0
2010-08-10,2010,Dambulla,New Zealand,2.0,3.0,4.0,11.0,0.0,0.0,36.36,caught,0
2010-08-16,2010,Dambulla,Sri Lanka,2.0,4.0,0.0,2.0,0.0,0.0,0.0,lbw,0
2010-08-22,2010,Dambulla,Sri Lanka,1.0,3.0,11.0,21.0,2.0,0.0,52.38,lbw,0
2010-08-28,2010,Dambulla,Sri Lanka,2.0,7.0,5.0,9.0,0.0,0.0,55.55,stumped,0
2010-12-07,2010,Bengaluru,New Zealand,2.0,5.0,44.0,48.0,4.0,1.0,91.66,caught,0
2010-12-10,2010,Chennai,New Zealand,2.0,,,,,,,-,0
2011-01-12,2011,Durban,South Africa,2.0,4.0,11.0,27.0,1.0,0.0,40.74,caught,0
2011-01-15,2011,Johannesburg,South Africa,1.0,7.0,9.0,14.0,1.0,0.0,64.28,lbw,0
2011-01-18,2011,Cape Town,South Africa,2.0,1.0,23.0,45.0,2.0,0.0,51.11,bowled,0
2011-01-21,2011,Gqeberha,South Africa,2.0,1.0,1.0,6.0,0.0,0.0,16.66,caught,0
2011-01-23,2011,Centurion,South Africa,2.0,2.0,5.0,8.0,1.0,0.0,62.5,bowled,0
2011-06-06,2011,Port of Spain,West Indies,2.0,5.0,68.0,75.0,3.0,1.0,90.66,not out,1
2011-06-08,2011,Port of Spain,West Indies,2.0,5.0,7.0,14.0,1.0,0.0,50.0,not out,1
2011-06-11,2011,North Sound,West Indies,2.0,5.0,86.0,91.0,5.0,2.0,94.5,not out,1
2011-06-13,2011,North Sound,West Indies,2.0,5.0,39.0,47.0,0.0,1.0,82.97,caught,0
2011-06-16,2011,Kingston,West Indies,1.0,5.0,57.0,72.0,2.0,1.0,79.16,bowled,0
2011-09-03,2011,Chester-le-Street,England,1.0,5.0,0.0,1.0,0.0,0.0,0.0,retired notout,0
2011-11-29,2011,Cuttack,West Indies,2.0,5.0,72.0,99.0,3.0,1.0,72.72,bowled,0
2011-12-02,2011,Visakhapatnam,West Indies,2.0,5.0,90.0,98.0,7.0,2.0,91.83,not out,1
2011-12-05,2011,Ahmedabad,West Indies,2.0,5.0,95.0,100.0,10.0,1.0,95.0,run out,0
2011-12-08,2011,Indore,West Indies,1.0,5.0,27.0,16.0,3.0,0.0,168.75,bowled,0
2011-12-11,2011,Chennai,West Indies,1.0,6.0,21.0,26.0,1.0,0.0,80.76,bowled,0
2012-02-05,2012,Melbourne,Australia,2.0,4.0,21.0,21.0,2.0,0.0,100.0,caught,0
2012-02-08,2012,W.A.C.A,Sri Lanka,2.0,4.0,10.0,17.0,1.0,0.0,58.82,caught,0
2012-02-12,2012,Adelaide,Australia,2.0,4.0,33.0,41.0,1.0,1.0,80.48,caught,0
2012-02-14,2012,Adelaide,Sri Lanka,2.0,4.0,15.0,27.0,2.0,0.0,55.55,run out,0
2012-02-19,2012,Brisbane,Australia,2.0,4.0,0.0,5.0,0.0,0.0,0.0,caught,0
2012-03-13,2012,Mirpur,Sri Lanka,1.0,,,,,,,-,0
2012-03-16,2012,Mirpur,Bangladesh,1.0,6.0,4.0,6.0,0.0,0.0,66.66,run out,0
2012-03-18,2012,Mirpur,Pakistan,2.0,4.0,68.0,83.0,5.0,1.0,81.92,caught,0
2012-07-21,2012,Hambantota,Sri Lanka,1.0,4.0,5.0,8.0,0.0,0.0,62.5,bowled,0
2012-07-24,2012,Hambantota,Sri Lanka,1.0,4.0,0.0,5.0,0.0,0.0,0.0,bowled,0
2012-07-28,2012,Colombo (RPS),Sri Lanka,2.0,5.0,0.0,1.0,0.0,0.0,0.0,lbw,0
2012-07-31,2012,Colombo (RPS),Sri Lanka,2.0,4.0,4.0,14.0,0.0,0.0,28.57,lbw,0
2012-08-04,2012,Pallekele,Sri Lanka,1.0,4.0,4.0,9.0,1.0,0.0,44.44,bowled,0
2012-12-30,2012,Chennai,Pakistan,1.0,5.0,4.0,14.0,0.0,0.0,28.57,caught,0
2013-01-23,2013,Mohali,England,2.0,2.0,83.0,93.0,11.0,1.0,89.24,lbw,0
2013-01-27,2013,Dharamsala,England,1.0,2.0,4.0,9.0,1.0,0.0,44.44,caught,0
2013-06-06,2013,Cardiff,South Africa,1.0,1.0,65.0,81.0,8.0,1.0,80.24,caught,0
2013-06-11,2013,The Oval,West Indies,2.0,1.0,52.0,56.0,7.0,0.0,92.85,caught,0
2013-06-15,2013,Birmingham,Pakistan,2.0,1.0,18.0,32.0,2.0,0.0,56.25,caught,0
2013-06-20,2013,Cardiff,Sri Lanka,2.0,1.0,33.0,50.0,4.0,0.0,66.0,bowled,0
2013-06-23,2013,Birmingham,England,1.0,1.0,9.0,14.0,1.0,0.0,64.28,bowled,0
2013-06-30,2013,Kingston,West Indies,1.0,1.0,60.0,89.0,4.0,1.0,67.41,caught,0
2013-07-02,2013,Kingston,Sri Lanka,2.0,1.0,5.0,13.0,0.0,0.0,38.46,caught,0
2013-07-05,2013,Port of Spain,West Indies,1.0,1.0,46.0,78.0,5.0,0.0,58.97,caught,0
2013-07-09,2013,Port of Spain,Sri Lanka,1.0,1.0,48.0,83.0,2.0,1.0,57.83,not out,1
2013-07-11,2013,Port of Spain,Sri Lanka,2.0,1.0,58.0,89.0,5.0,1.0,65.16,bowled,0
2013-07-24,2013,Harare,Zimbabwe,2.0,1.0,20.0,40.0,2.0,0.0,50.0,caught,0
2013-07-26,2013,Harare,Zimbabwe,1.0,1.0,1.0,7.0,0.0,0.0,14.28,caught,0
2013-07-28,2013,Harare,Zimbabwe,2.0,1.0,14.0,21.0,2.0,0.0,66.66,caught,0
2013-08-01,2013,Bulawayo,Zimbabwe,2.0,2.0,64.0,90.0,5.0,1.0,71.11,not out,1
2013-10-13,2013,Pune,Australia,2.0,2.0,42.0,47.0,6.0,0.0,89.36,caught,0
2013-10-16,2013,Jaipur,Australia,2.0,1.0,141.0,123.0,17.0,4.0,114.63,not out,1
2013-10-19,2013,Mohali,Australia,1.0,1.0,11.0,22.0,2.0,0.0,50.0,caught,0
2013-10-23,2013,Ranchi,Australia,2.0,1.0,9.0,13.0,1.0,0.0,69.23,not out,1
2013-10-30,2013,Nagpur,Australia,2.0,1.0,79.0,89.0,7.0,3.0,88.76,caught,0
2013-11-02,2013,Bengaluru,Australia,1.0,1.0,209.0,158.0,12.0,16.0,132.27,caught,0
2013-11-21,2013,Kochi,West Indies,2.0,1.0,72.0,81.0,8.0,1.0,88.88,caught,0
2013-11-24,2013,Visakhapatnam,West Indies,1.0,1.0,12.0,19.0,3.0,0.0,63.15,caught,0
2013-11-27,2013,Kanpur,West Indies,2.0,1.0,4.0,14.0,0.0,0.0,28.57,caught,0
2013-12-05,2013,Johannesburg,South Africa,2.0,1.0,18.0,43.0,2.0,0.0,41.86,run out,0
2013-12-08,2013,Durban,South Africa,2.0,1.0,19.0,26.0,2.0,0.0,73.07,caught,0
2013-12-11,2013,Centurion,South Africa,,,,,,,,-,0
2014-01-19,2014,Napier,New Zealand,2.0,1.0,3.0,23.0,0.0,0.0,13.04,caught,0
2014-01-22,2014,Hamilton,New Zealand,2.0,2.0,20.0,34.0,2.0,1.0,58.82,caught,0
2014-01-25,2014,Auckland,New Zealand,2.0,1.0,39.0,38.0,1.0,4.0,102.63,caught,0
2014-01-28,2014,Hamilton,New Zealand,1.0,1.0,79.0,94.0,6.0,4.0,84.04,caught,0
2014-01-31,2014,Wellington,New Zealand,2.0,1.0,4.0,13.0,0.0,0.0,30.76,caught,0
2014-02-26,2014,Fatullah,Bangladesh,2.0,1.0,21.0,29.0,1.0,1.0,72.41,bowled,0
2014-02-28,2014,Fatullah,Sri Lanka,1.0,1.0,13.0,28.0,1.0,0.0,46.42,lbw,0
2014-03-02,2014,Mirpur,Pakistan,1.0,1.0,56.0,58.0,7.0,2.0,96.55,caught,0
2014-03-05,2014,Mirpur,Afghanistan,2.0,3.0,18.0,24.0,1.0,0.0,75.0,not out,1
2014-08-27,2014,Cardiff,England,1.0,1.0,52.0,87.0,4.0,1.0,59.77,caught,0
2014-11-13,2014,Eden Gardens,Sri Lanka,1.0,2.0,264.0,173.0,33.0,9.0,152.6,caught,0
2014-11-16,2014,Ranchi,Sri Lanka,2.0,2.0,9.0,12.0,2.0,0.0,75.0,bowled,0
2015-01-18,2015,Melbourne,Australia,1.0,1.0,138.0,139.0,9.0,4.0,99.28,caught,0
2015-02-15,2015,Adelaide,Pakistan,1.0,1.0,15.0,20.0,2.0,0.0,75.0,caught,0
2015-02-22,2015,Melbourne,South Africa,1.0,1.0,0.0,6.0,0.0,0.0,0.0,run out,0
2015-02-28,2015,W.A.C.A,U.A.E.,2.0,1.0,57.0,55.0,10.0,1.0,103.63,not out,1
2015-03-06,2015,W.A.C.A,West Indies,2.0,1.0,7.0,18.0,1.0,0.0,38.88,caught,0
2015-03-10,2015,Hamilton,Ireland,2.0,1.0,64.0,66.0,3.0,3.0,96.96,bowled,0
2015-03-14,2015,Auckland,Zimbabwe,2.0,1.0,16.0,21.0,2.0,0.0,76.19,caught,0
2015-03-19,2015,Melbourne,Bangladesh,1.0,1.0,137.0,126.0,14.0,3.0,108.73,bowled,0
2015-03-26,2015,Sydney,Australia,2.0,1.0,34.0,48.0,1.0,2.0,70.83,bowled,0
2015-06-18,2015,Mirpur,Bangladesh,2.0,1.0,63.0,68.0,4.0,1.0,92.64,caught,0
2015-06-21,2015,Mirpur,Bangladesh,1.0,1.0,0.0,2.0,0.0,0.0,0.0,caught,0
2015-06-24,2015,Mirpur,Bangladesh,1.0,1.0,29.0,29.0,2.0,1.0,100.0,caught,0
2015-10-11,2015,Kanpur,South Africa,2.0,1.0,150.0,133.0,13.0,6.0,112.78,caught,0
2015-10-14,2015,Indore,South Africa,1.0,1.0,3.0,10.0,0.0,0.0,30.0,bowled,0
2015-10-18,2015,Rajkot,South Africa,2.0,1.0,65.0,74.0,7.0,2.0,87.83,caught,0
2015-10-22,2015,Chennai,South Africa,1.0,1.0,21.0,19.0,4.0,0.0,110.52,caught,0
2015-10-25,2015,Wankhede,South Africa,2.0,1.0,16.0,20.0,3.0,0.0,80.0,caught,0
2016-01-12,2016,W.A.C.A,Australia,1.0,1.0,171.0,163.0,13.0,7.0,104.9,not out,1
2016-01-15,2016,Brisbane,Australia,1.0,1.0,124.0,127.0,11.0,3.0,97.63,run out,0
2016-01-17,2016,Melbourne,Australia,1.0,1.0,6.0,11.0,0.0,0.0,54.54,caught,0
2016-01-20,2016,Canberra,Australia,2.0,1.0,41.0,25.0,2.0,3.0,164.0,caught,0
2016-01-23,2016,Sydney,Australia,2.0,1.0,99.0,108.0,9.0,1.0,91.66,caught,0
2016-10-16,2016,Dharamsala,New Zealand,2.0,1.0,14.0,26.0,1.0,1.0,53.84,lbw,0
2016-10-20,2016,Delhi,New Zealand,2.0,1.0,15.0,27.0,1.0,1.0,55.55,caught,0
2016-10-23,2016,Mohali,New Zealand,2.0,1.0,13.0,21.0,2.0,0.0,61.9,lbw,0
2016-10-26,2016,Ranchi,New Zealand,2.0,2.0,11.0,19.0,2.0,0.0,57.89,caught,0
2016-10-29,2016,Visakhapatnam,New Zealand,1.0,2.0,70.0,65.0,5.0,3.0,107.69,caught,0
2017-06-04,2017,Birmingham,Pakistan,1.0,1.0,91.0,119.0,7.0,2.0,76.47,run out,0
2017-06-08,2017,The Oval,Sri Lanka,1.0,1.0,78.0,79.0,6.0,3.0,98.73,caught,0
2017-06-11,2017,The Oval,South Africa,2.0,1.0,12.0,20.0,1.0,1.0,60.0,caught,0
2017-06-15,2017,Birmingham,Bangladesh,2.0,1.0,123.0,129.0,15.0,1.0,95.34,not out,1
2017-06-18,2017,The Oval,Pakistan,2.0,1.0,0.0,3.0,0.0,0.0,0.0,lbw,0
2017-08-20,2017,Dambulla,Sri Lanka,2.0,1.0,4.0,13.0,0.0,0.0,30.76,run out,0
2017-08-24,2017,Pallekele,Sri Lanka,2.0,1.0,54.0,45.0,5.0,3.0,120.0,lbw,0
2017-08-27,2017,Pallekele,Sri Lanka,2.0,1.0,124.0,145.0,16.0,2.0,85.51,not out,1
2017-08-31,2017,Colombo (RPS),Sri Lanka,1.0,1.0,104.0,88.0,11.0,3.0,118.18,caught,0
2017-09-03,2017,Colombo (RPS),Sri Lanka,2.0,1.0,16.0,20.0,1.0,0.0,80.0,caught,0
2017-09-17,2017,Chennai,Australia,1.0,2.0,28.0,44.0,3.0,0.0,63.63,caught,0
2017-09-21,2017,Eden Gardens,Australia,1.0,2.0,7.0,14.0,1.0,0.0,50.0,caught,0
2017-09-24,2017,Indore,Australia,2.0,2.0,71.0,62.0,6.0,4.0,114.51,caught,0
2017-09-28,2017,Bengaluru,Australia,2.0,2.0,65.0,55.0,1.0,5.0,118.18,run out,0
2017-10-01,2017,Nagpur,Australia,2.0,2.0,125.0,109.0,11.0,5.0,114.67,caught,0
2017-10-22,2017,Wankhede,New Zealand,1.0,1.0,20.0,18.0,0.0,2.0,111.11,bowled,0
2017-10-25,2017,Pune,New Zealand,2.0,1.0,7.0,19.0,1.0,0.0,36.84,caught,0
2017-10-29,2017,Kanpur,New Zealand,1.0,1.0,147.0,138.0,18.0,2.0,106.52,caught,0
2017-12-10,2017,Dharamsala,Sri Lanka,1.0,1.0,2.0,13.0,0.0,0.0,15.38,caught,0
2017-12-13,2017,Mohali,Sri Lanka,1.0,1.0,208.0,153.0,13.0,12.0,135.94,not out,1
2017-12-17,2017,Visakhapatnam,Sri Lanka,2.0,1.0,7.0,14.0,0.0,1.0,50.0,bowled,0
2018-02-01,2018,Durban,South Africa,2.0,1.0,20.0,30.0,2.0,1.0,66.66,caught,0
2018-02-04,2018,Centurion,South Africa,2.0,1.0,15.0,17.0,2.0,1.0,88.23,caught,0
2018-02-07,2018,Cape Town,South Africa,1.0,1.0,0.0,6.0,0.0,0.0,0.0,caught,0
2018-02-10,2018,Johannesburg,South Africa,1.0,1.0,5.0,13.0,1.0,0.0,38.46,caught,0
2018-02-13,2018,Gqeberha,South Africa,1.0,2.0,115.0,126.0,11.0,4.0,91.26,caught,0
2018-02-16,2018,Centurion,South Africa,2.0,2.0,15.0,13.0,3.0,0.0,115.38,caught,0
2018-07-12,2018,Nottingham,England,2.0,1.0,137.0,114.0,15.0,4.0,120.17,not out,1
2018-07-14,2018,Lord's,England,2.0,1.0,15.0,26.0,2.0,0.0,57.69,bowled,0
2018-07-17,2018,Leeds,England,1.0,1.0,2.0,18.0,0.0,0.0,11.11,caught,0
2018-09-18,2018,Dubai (DICS),Hong Kong,1.0,1.0,23.0,22.0,4.0,0.0,104.54,caught,0
2018-09-19,2018,Dubai (DICS),Pakistan,2.0,1.0,52.0,39.0,6.0,3.0,133.33,bowled,0
2018-09-21,2018,Dubai (DICS),Bangladesh,2.0,1.0,83.0,104.0,5.0,3.0,79.8,not out,1
2018-09-23,2018,Dubai (DICS),Pakistan,2.0,1.0,111.0,119.0,7.0,4.0,93.27,not out,1
2018-09-28,2018,Dubai (DICS),Bangladesh,2.0,1.0,48.0,55.0,3.0,3.0,87.27,caught,0
2018-10-21,2018,Guwahati,West Indies,2.0,1.0,152.0,117.0,15.0,8.0,129.91,not out,1
2018-10-24,2018,Visakhapatnam,West Indies,1.0,1.0,4.0,8.0,1.0,0.0,50.0,caught,0
2018-10-27,2018,Pune,West Indies,2.0,1.0,8.0,9.0,2.0,0.0,88.88,bowled,0
2018-10-29,2018,Brabourne,West Indies,1.0,1.0,162.0,137.0,20.0,4.0,118.24,caught,0
2018-11-01,2018,Thiruvananthapuram,West Indies,2.0,1.0,63.0,56.0,5.0,4.0,112.5,not out,1
2019-01-12,2019,Sydney,Australia,2.0,1.0,133.0,129.0,10.0,6.0,103.1,caught,0
2019-01-15,2019,Adelaide,Australia,2.0,1.0,43.0,52.0,2.0,2.0,82.69,caught,0
2019-01-18,2019,Melbourne,Australia,2.0,1.0,9.0,17.0,1.0,0.0,52.94,caught,0
2019-01-23,2019,Napier,New Zealand,2.0,1.0,11.0,24.0,1.0,0.0,45.83,caught,0
2019-01-26,2019,Mount Maunganui,New Zealand,1.0,1.0,87.0,96.0,9.0,3.0,90.62,caught,0
2019-01-28,2019,Mount Maunganui,New Zealand,2.0,1.0,62.0,77.0,3.0,2.0,80.51,stumped,0
2019-01-31,2019,Hamilton,New Zealand,1.0,1.0,7.0,23.0,0.0,0.0,30.43,caught,0
2019-02-03,2019,Wellington,New Zealand,1.0,1.0,2.0,16.0,0.0,0.0,12.5,bowled,0
2019-03-02,2019,Hyderabad,Australia,2.0,1.0,37.0,66.0,5.0,0.0,56.06,caught,0
2019-03-05,2019,Nagpur,Australia,1.0,1.0,0.0,6.0,0.0,0.0,0.0,caught,0
2019-03-08,2019,Ranchi,Australia,2.0,2.0,14.0,14.0,2.0,1.0,100.0,lbw,0
2019-03-10,2019,Mohali,Australia,1.0,1.0,95.0,92.0,7.0,2.0,103.26,caught,0
2019-03-13,2019,Delhi,Australia,2.0,1.0,56.0,89.0,4.0,0.0,62.92,stumped,0
2019-06-05,2019,Southampton,South Africa,2.0,2.0,122.0,144.0,13.0,2.0,84.72,not out,1
2019-06-09,2019,The Oval,Australia,1.0,1.0,57.0,70.0,3.0,1.0,81.42,caught,0
2019-06-16,2019,Manchester,Pakistan,1.0,2.0,140.0,113.0,14.0,3.0,123.89,caught,0
2019-06-22,2019,Southampton,Afghanistan,1.0,2.0,1.0,10.0,0.0,0.0,10.0,bowled,0
2019-06-27,2019,Manchester,West Indies,1.0,2.0,18.0,23.0,1.0,1.0,78.26,caught,0
2019-06-30,2019,Birmingham,England,2.0,2.0,102.0,109.0,15.0,0.0,93.57,caught,0
2019-07-02,2019,Birmingham,Bangladesh,1.0,2.0,104.0,92.0,7.0,5.0,113.04,caught,0
2019-07-06,2019,Leeds,Sri Lanka,2.0,2.0,103.0,94.0,14.0,2.0,109.57,caught,0
2019-07-09,2019,Manchester,New Zealand,2.0,2.0,1.0,4.0,0.0,0.0,25.0,caught,0
2019-08-08,2019,Providence,West Indies,,,,,,,,-,0
2019-08-11,2019,Port of Spain,West Indies,1.0,2.0,18.0,34.0,2.0,0.0,52.94,caught,0
2019-08-14,2019,Port of Spain,West Indies,2.0,1.0,10.0,6.0,2.0,0.0,166.66,run out,0
2019-12-15,2019,Chennai,West Indies,1.0,1.0,36.0,56.0,6.0,0.0,64.28,caught,0
2019-12-18,2019,Visakhapatnam,West Indies,1.0,1.0,159.0,138.0,17.0,5.0,115.21,caught,0
2019-12-22,2019,Cuttack,West Indies,2.0,1.0,63.0,63.0,8.0,1.0,100.0,caught,0
2020-01-14,2020,Wankhede,Australia,1.0,1.0,10.0,15.0,2.0,0.0,66.66,caught,0
2020-01-17,2020,Rajkot,Australia,1.0,1.0,42.0,44.0,6.0,0.0,95.45,lbw,0
2020-01-19,2020,Bengaluru,Australia,2.0,1.0,119.0,128.0,8.0,6.0,92.96,caught,0
2021-03-23,2021,Pune,England,1.0,1.0,28.0,42.0,4.0,0.0,66.66,caught,0
2021-03-26,2021,Pune,England,1.0,1.0,25.0,25.0,5.0,0.0,100.0,caught,0
2021-03-28,2021,Pune,England,1.0,1.0,37.0,37.0,6.0,0.0,100.0,bowled,0
2022-02-06,2022,Ahmedabad,West Indies,2.0,1.0,60.0,51.0,10.0,1.0,117.64,lbw,0
2022-02-09,2022,Ahmedabad,West Indies,1.0,1.0,5.0,8.0,0.0,0.0,62.5,caught,0
2022-02-11,2022,Ahmedabad,West Indies,1.0,1.0,13.0,15.0,3.0,0.0,86.66,bowled,0
2022-07-12,2022,The Oval,England,2.0,1.0,76.0,58.0,7.0,5.0,131.03,not out,1
2022-07-14,2022,Lord's,England,2.0,1.0,0.0,10.0,0.0,0.0,0.0,lbw,0
2022-07-17,2022,Manchester,England,2.0,1.0,17.0,17.0,4.0,0.0,100.0,caught,0
2022-12-04,2022,Mirpur,Bangladesh,1.0,1.0,27.0,31.0,4.0,1.0,87.09,bowled,0
2022-12-07,2022,Mirpur,Bangladesh,2.0,9.0,51.0,28.0,3.0,5.0,182.14,not out,1
2023-01-10,2023,Guwahati,Sri Lanka,1.0,1.0,83.0,67.0,9.0,3.0,123.88,bowled,0
2023-01-12,2023,Eden Gardens,Sri Lanka,2.0,1.0,17.0,21.0,2.0,1.0,80.95,caught,0
2023-01-15,2023,Thiruvananthapuram,Sri Lanka,1.0,1.0,42.0,49.0,2.0,3.0,85.71,caught,0
2023-01-18,2023,Hyderabad,New Zealand,1.0,1.0,34.0,38.0,4.0,2.0,89.47,caught,0
2023-01-21,2023,Raipur,New Zealand,2.0,1.0,51.0,50.0,7.0,2.0,102.0,lbw,0
2023-01-24,2023,Indore,New Zealand,1.0,1.0,101.0,85.0,9.0,6.0,118.82,bowled,0
2023-03-19,2023,Visakhapatnam,Australia,1.0,1.0,13.0,15.0,2.0,0.0,86.66,caught,0
2023-03-22,2023,Chennai,Australia,2.0,1.0,30.0,17.0,2.0,2.0,176.47,caught,0
2023-07-27,2023,Bridgetown,West Indies,2.0,7.0,12.0,19.0,2.0,0.0,63.15,not out,1
2023-09-02,2023,Pallekele,Pakistan,1.0,1.0,11.0,22.0,2.0,0.0,50.0,bowled,0
2023-09-04,2023,Pallekele,Nepal,2.0,1.0,74.0,59.0,6.0,5.0,125.42,not out,1
2023-09-10,2023,Colombo (RPS),Pakistan,1.0,1.0,56.0,49.0,6.0,4.0,114.28,caught,0
2023-09-12,2023,Colombo (RPS),Sri Lanka,1.0,1.0,53.0,48.0,7.0,2.0,110.41,bowled,0
2023-09-15,2023,Colombo (RPS),Bangladesh,2.0,1.0,0.0,2.0,0.0,0.0,0.0,caught,0
2023-09-17,2023,Colombo (RPS),Sri Lanka,2.0,,,,,,,-,0
2023-09-27,2023,Rajkot,Australia,2.0,1.0,81.0,57.0,5.0,6.0,142.1,caught,0
2023-10-08,2023,Chennai,Australia,2.0,1.0,0.0,6.0,0.0,0.0,0.0,lbw,0
2023-10-11,2023,Delhi,Afghanistan,2.0,1.0,131.0,84.0,16.0,5.0,155.95,bowled,0
2023-10-14,2023,Ahmedabad,Pakistan,2.0,1.0,86.0,63.0,6.0,6.0,136.5,caught,0
2023-10-19,2023,Pune,Bangladesh,2.0,1.0,48.0,40.0,7.0,2.0,120.0,caught,0
2023-10-22,2023,Dharamsala,New Zealand,2.0,1.0,46.0,40.0,4.0,4.0,115.0,bowled,0
2023-10-29,2023,Lucknow,England,1.0,1.0,87.0,101.0,10.0,3.0,86.13,caught,0
2023-11-02,2023,Wankhede,Sri Lanka,1.0,1.0,4.0,2.0,1.0,0.0,200.0,bowled,0
2023-11-05,2023,Eden Gardens,South Africa,1.0,1.0,40.0,24.0,6.0,2.0,166.66,caught,0
2023-11-12,2023,Bengaluru,Netherlands,1.0,1.0,61.0,54.0,8.0,2.0,112.96,caught,0
2023-11-15,2023,Wankhede,New Zealand,1.0,1.0,47.0,29.0,4.0,4.0,162.06,caught,0
2023-11-19,2023,Ahmedabad,Australia,1.0,1.0,47.0,31.0,4.0,3.0,151.61,caught,0
2024-08-02,2024,Colombo (RPS),Sri Lanka,2.0,1.0,58.0,47.0,7.0,3.0,123.4,lbw,0
2024-08-04,2024,Colombo (RPS),Sri Lanka,2.0,1.0,64.0,44.0,5.0,4.0,145.45,caught,0
2024-08-07,2024,Colombo (RPS),Sri Lanka,2.0,1.0,35.0,20.0,6.0,1.0,175.0,caught,0
2025-02-06,2025,Nagpur,England,2.0,2.0,2.0,7.0,0.0,0.0,28.57,caught,0
2025-02-09,2025,Cuttack,England,2.0,1.0,119.0,90.0,12.0,7.0,132.22,caught,0
2025-02-12,2025,Ahmedabad,England,1.0,1.0,1.0,2.0,0.0,0.0,50.0,caught,0
2025-02-20,2025,Dubai (DICS),Bangladesh,2.0,1.0,41.0,36.0,7.0,0.0,113.88,caught,0
2025-02-23,2025,Dubai (DICS),Pakistan,2.0,1.0,20.0,15.0,3.0,1.0,133.33,bowled,0
2025-03-02,2025,Dubai (DICS),New Zealand,1.0,1.0,15.0,17.0,1.0,1.0,88.23,caught,0
2025-03-04,2025,Dubai (DICS),Australia,2.0,1.0,28.0,29.0,3.0,1.0,96.55,lbw,0
2025-03-09,2025,Dubai (DICS),New Zealand,2.0,1.0,76.0,83.0,7.0,3.0,91.56,stumped,0
